First Name,Last Name,E-mail Address
Graham,Brooks,graham@londoncakes.com
Bryan,Adams,bryan@ph-creative.com
Gary,Burt,gary@garyburt.com
Sherilyn,Shackell,Sherilyn_1@live.com
David,Moss,fdtm1964@gmail.com
David,White,whited24@googlemail.com
Katy,Howell,katy.howell@immediatefuture.co.uk
Ken,Barlow,kenjbar@aol.com
Martin,Brown,fairsnape@gmail.com
David,Hough,d.hough1@btinternet.com
Jim,Walker,jimwalks@yahoo.com
David,Mathers,dpmathers@hotmail.com
Graham,O'Shea,graham@dgcomms.co.uk
Tony,Lockwood,tony@cardwellgroup.co.uk
Helen,Leyland,hleyland@gmx.com
Chris,Windley,chris.windley@btinternet.com
Greg,Adam,gadam@lancashiredigital.com
Philip,Coen,philip.coen@gmail.com
Jim,Lawrenson,jim@knowledge-bank.co.uk
Mark,Mills,mark@mark.tv
JÙrgen M.,Kopelke,jmkopelke@t-online.de
Mike,Gelder,mike@redleg.net
Chris,Cassidy,chris.c.cassidy@outlook.com
Ian,Hilton,ihilton@techadvance.co.uk
Jennifer,Pomfret,jenpomfret@yahoo.co.uk
Martin,Cahill,info@cahill-photography.com
Steve,Boardman,steveb@aersupport.com
David,Burns,david@boundlessmail.com
Andy,Corcoran,andrew_corcoran@lineone.net
Stephen,Waddington,stephen.waddington@gmail.com
Howard,Page,howard_page@msn.com
Gary,Aldred,garyaldred@icloud.com
Joe,Garton,joegart@hotmail.co.uk
Michael,Higginson,michael.higginson@bt.com
Anthony,Sharot,anthony@marketappeal.co.uk
Karen,Todd,karentodd@live.co.uk
Dave,Robinson,Mrdmr@mac.com
Fraser,Hodgkiss,fraser@accountants4contractors.com
David,O'Byrne,david.obyrne@talk21.com
Jez,Frampton,jez.frampton@interbrand.com
Carlos,Rosa,cjsrosa@hotmail.com
Peter,Jones,h2cmng@yahoo.co.uk
Alison Bagnall,(The Apprentice Academy),ab@theapprenticeacademy.co.uk
Geoff,Simons,geoff.simons@privatepracticehub.co.uk
Ed,Neal,contact@geodesa.com
Heather,Hiley,heather@perfectpearlsolutions.co.uk
Don,Hastie - Customer Retention Expert,don.hastie@donhastie.com
Steve,Naylor,steve.naylor@elsworth.co.uk
Ian,Loughlin,ianloughlin@btinternet.com
Chris,Booth,chris.booth@mck.co.uk
Simon,Henderson,simon@ddatuk.com
Russell,Brady,russell.brady@cfs.co.uk
Stephanie,Bannister,stephanieban@yahoo.co.uk
Shelly,Burt,shelly2675@googlemail.com
Richard,Kenyon,richard.kenyon@evertonfc.com
Scott,Lechley,lechley@lechley.com
Andrew,Doyle,Andrew.Doyle@SaaSAge.co.uk
Nick,Brand,nick@sumo-creative.co.uk
Nick,Jones,nipper90@hotmail.com
Tony,Ramsay,tony.ramsay@me.com
Rob,Shaw,rob.shaw@epiphanysolutions.co.uk
Mike,Lister,mikel@mobile-e-solutions.co.uk
Tracey,Stern,traceystern@hotmail.com
Ross,Miller,ross.miller@claughtons.com
John,Haworth,john.haworth@norlec.com
Bill,Kelly,bill.kelly@chameleonassociates.co.uk
Matt,Hackett,matt@cannyrecruitment.co.uk
James,Atherton,atherton2@yahoo.com
Adam,Davis,adam@soapmedia.co.uk
Andrew,Lloyd Gordon,andrew@andrewlloydgordon.co.uk
John,Harris,john.harris1000@gmail.com
Ben,McAree,benmcaree@hotmail.co.uk
Rupert,"Kent, MBA",rupert@five-hundred.com
Bill,Membery,bill.membery@sky.com
Zbigniew,Iwanczuk,zibi@iwanczuk.org
Gary,Thompson,gary@gary.me
Ian,Smith,ian@datacaptain.co.uk
Becky,Toal,btoal@crowberryconsulting.com
David,Barry,david@exactrecruit.co.uk
Russell,Gore,russell.gore@remploy.co.uk
Nigel,Dunnington,nigel.dunnington@uk.mcd.com
Ross,McWilliam,ross@todaycanbebetter.com
Bruno,Brookes,tnbrookes@hotmail.com
Jonathan,Wall,jonathan.wall@shopdirect.com
Andy,Daykin,andy@andydaykinassociates.co.uk
Nicholas,Harrison,nickharrison8@googlemail.com
Jez,Woodburn,jez.woodburn@live.co.uk
David,Durnford,david.durnford@fatmedia.co.uk
David,Melia,david@taxbak.co.uk
Frank,Mckenna,frank.mckenna@downtowninbusiness.com
Robert,Weatherhead,me@robweatherhead.co.uk
Paul,"Callaghan, CBE, DL, FRSA",paul.callaghan@leighton.com
Richard,Clark,mrrichclark@googlemail.com
Jonathan,Voss,jonathan@jvrecruitment.co.uk
Dan,Kersh,dan.kersh@biteda.com
Jon,Neal,hello@jpneal.me.uk
Matt,Hodkinson,matt@influenceagents.com
Jeramiah,Martin,jwolfmartin@gmail.com
Gary,Bennion,gary@bennions.net
Peter,Collins FNBF,peter@findnbfound.com
Nick,Jenkins,nick.jenkins@mackenziestuart.com
Praveen,Prabhakaran,praveen270268@gmail.com
Ian,Paltiel,ian@internetcreation.net
Mandy,Cardwell,mandy@inthezoneltd.co.uk
Guy,Shrimpton,guy.shrimpton@gmail.com
William,Harvey,william@richwebmedia.com
Darren,Hayday,d_hayday@hotmail.com
Adam,Mills,Adam.Mills@DentsuAegis.com
Guy,Flintham,guyflintham@gmail.com
Alex,Huckerby,alex.huckerby@googlemail.com
Ricardo,Luis,ricardo.luis1978@hotmail.com
Tracy,Seymour,tnseymour@hotmail.com
Jay,Lau,j_lau@hotmail.co.uk
Susan,Dolan,susan@seowebmarketing.co.uk
Kevin,Jones,kevin.jones@tecmark.co.uk
Vahid,Pezeshki,vpezeshki@yahoo.com
Maria,Moreno,arinissa@yahoo.co.uk
Mike,Belmar,mikebelmar@hotmail.co.uk
Tim,Berry,tim@leadx.com
Lee,Holdsworth,lee@whitenoise.media
Sam,Gadsby,sam@clickymedia.co.uk
Ray,Tussing,tussing@outlook.com
Guy,Walker,guy@forwardrolerecruitment.com
Martin,Sayers,mail@mscopy.co.uk
Paul,Billington,paul@cowperstone.com
Greg,Reed,greg.reed@homeserve.com
Joe,Thomas,Joseph@jsthomas.org
James,Wilkinson,james.wilkinson@synexus.com
Tevin Olawale,Olatomirin,tevin.olatomirin@experian.com
Corneliu,Iacob,logatimi@gmail.com
Carl,Hopkins,carl@faith-pr.co.uk
Moray,MacLennan,moraym@mcsaatchi.com
Ashley,Oulton,ashleyoulton@hotmail.com
Dan,Middlebrook (LION),dan@forwardrolerecruitment.com
Neil,Simpson,neil@neilsimpson.info
Geoff,Newman,gnewman@recruitmentgenius.com
Matt,Lambourne,mlambourne@gmail.com
Dave,Hardy,dave@thisisbespoke.co.uk
Catherine,Houton,chouton@hotmail.com
Richard,Barker,info@harrisonmann.co.uk
Steve,Tarbard,steve@connected-media.co.uk
Jon,Hallowell,space.ace@outlook.com
Norman,Tenray,norman@obas.com
Lesley,Ashman,lashman61@gmail.com
Jim,Shaver,wvern@yahoo.com
Joe,Curtis,joe@3search.co.uk
Ben,Rogul,ben.rogul@holtrenfrew.com
Pramit,Ghosh,ghosh.pramit@gmail.com
Chris,Kielthy - Affiliate CIPS,c.kielthy@jamrecruitment.co.uk
Dr Nasrin,Hafezparast,nasrin@outcomesbasedhealthcare.com
David,Beharall,david@candidsky.com
Mel,Edwards,Mel.Cruickshank@wunderman.com
Mark,McDonagh,mmcdonagh@me.com
Adam,Cadman,adam.cadman@bbc.co.uk
Nicoletta,Uras,nicoletta_uras@yahoo.com
Luis,Povoa,luispovoa@gmail.com
Spencer,Collins,spencerdmcollins@gmail.com
John,Cave,john.cave@hotmail.co.uk
Karl,Percival,karlpercival@live.co.uk
Zara,Longhorn,zaralonghorn@gmail.com
Zander,van Oldenborgh,zander@monkeyswedding.co
Richard,Garratt,rgarratt@garrattsinsurance.co.uk
V. Michael,Santoro,vito@invidz.com
Keith,Millar,keithmillar@keithmillar.com
Lilly,Moraczewska,lilly@prosperity.ie
Steve,Egan,segancwp@gmail.com
Mark,Boardman,mark@webtrafficseo.co.uk
Raphael,Lawson,raphaellawson@gmail.com
Hugo,Meza,hugo.meza.macias@gmail.com
Michelle,Gerrard-Doyle,meemio@hotmail.co.uk
Alex,Hernàndez,info@alexhernandez.info
Stephen,Mullen,sdmullen@hotmail.com
Martina,Keany,martina_keany@yahoo.co.uk
Fazal Ahmad,Minhas,faz_minhas@hotmail.com
Paul,O'Byrne,paul@tinderpoint.com
Jeanne,Smith,eco_island_life@yahoo.com
Sarah,Winnard,sarahwinnard@hotmail.com
Darren,Wilson,graphikill@icloud.com
Jeremy,Biberdorf,lucyjohn966@gmail.com
Daryl,Moss,darylmoss1971@hotmail.co.uk
Martin,Bennett,martin.bennett@homeserve.com
Daniel,Butterworth,dan@novus-digital.co.uk
Dr Rebecca,Williams BSc DClinPsy CPsychol,r.r.williams@bangor.ac.uk
Paul,Slater,paul@fitgurus.com
Robbie,Hodgson,robbie@purecontent.com
Nick,Holzherr,nick@whisk.com
Mark,White,Mark@cosmeticsos.com
Rick,Legge,riklegge@gmail.com
Sinead,O'Connor,hello@sinead-oconnor.co.uk
Mark,Blundell,mblundell@uk.mcd.com
Angela,Byrne,angela@ginger-recruitment.co.uk
Chris,Dew,chrisjdew@gmail.com
Mike,Knowles,mike.k@3rdway.coop
Nicky,Price,nicky.estella@hotmail.co.uk
Nik,Maguire,nik@deansgatemediagroup.co.uk
Kevin Paul,Humphrey,humphreykevin@me.com
Anurag,"Jain ""LION""",trade4gems@gmail.com
Sarah,Mehran,sarah.mehran87@googlemail.com
Grant,Skelton,grant.skelton@mac.com
Mark,Allen,mark.allen@halton.gov.uk
Lee,Lerpiniere-Wallis,lee.wallis@hotmail.co.uk
Sarah,Allsop,sallsop75@googlemail.com
Eleonora,Rocca,eleonorarocca@hotmail.co.uk
Lee,Hawksworth,lee-hawksworth@live.co.uk
Colm,Griffith,colm.griffith@btinternet.com
Andy,Wicken,cherrycroft@hotmail.co.uk
Tahir,Khan,tahir.khan@squidmint.com
Danny,Clutterbuck,daniel@webtise.co.uk
Abby,Rule,abby.rule@btinternet.com
Gavin,Dawes,gcdawes@gmail.com
Jonny,Goddard,jonnyjgoddard@gmail.com
Jonathan,Dodds,hello@jonathandodds.co.uk
Fasil,Bhatti,faz_07_2003@hotmail.com
Mohnesh,Kohli,ceo@megrisoft.com
Sarah,Lundy,sarah@workhousemarketing.com
Victoria,Warren,victoria.warren@live.com
Paragon,Carpets,apotts@paragon-carpets.co.uk
Andy,Whyte,andywhyteuk@gmail.com
Sarah-Elizabeth,Daly,selizabethdaly@gmail.com
Mahbub,Murshed,badhonaub2000@yahoo.com
Alex,Wood,alexwood931@hotmail.co.uk
Turgay,Akar,Turgayakar375@hotmail.com
Ben,James,ben.james@simpsonjudge.co.uk
Joseph,Curran,Jbird608@gmail.com
Matthew,Charlton,Matthewjcharlton@yahoo.co.uk
Gareth,Case,gareth.case@gmail.com
Dilip,Gupta,dilip646@gmail.com
Sean,Spurgin,sean.spurgin@blue-sky.co.uk
Ian,Lees,Ian.Lees@mvmediagroup.co.uk
Stephen,Parkinson,s.parkinson@preston.gov.uk
Phil,Hartley,phil@crowtoys.com
Joe,Ogden,info@gorilladigital.co.uk
Catherine,(Higgs) Roberts,cath_higgs@hotmail.com
Hannah,Dell'Armi,fmnh@hotmail.com
Felix,Clarke,info@felixclarke.com
Lisa,Halshaw,lhalshaw@seratasearch.co.uk
Lawrence,Craig,lcraig@spedian.com
Juliana,Fyfe,juliana.fyfe@manpower.co.uk
Vicky,Bradley,angel@angelofmetal.com
Steve,Kelly,s.kelly@smartkem.com
Phill,Postill,phillpostill@ludostudio.co.uk
Jamie,Peters,jamie@emailblasteruk.com
Joanna,Booth,jo@smms.guru
Samantha,Moxham,sam@halohr.co.uk
Ben,Austin,b.austin@absolutedigitalmedia.com
James,MacLachlan,james.maclachlan@lancashirecare.nhs.uk
Dave,Stopher,dave@online-intelligence.co.uk
Pete,Noble,petenoble1980@gmail.com
Gemma,Stockberger,gemmastockberger@langnp.co.uk
Mike,Geddes,mike@mikegeddes.co.uk
Sen,Chettana,chettana2010@gmail.com
SARAH,LANGAN,sl@sleektalent.com
Andrew,Lucas,alucasuk@hotmail.com
Dan,Day,dan@invisibleartists.net
Ian,Bowyer,Agency@ianbowyer.co.uk
Karl,Fischer,kcf1@sky.com
Barry,Loughran,barry-loughran@hotmail.co.uk
Emma,Raftery,emraff89@gmail.com
Dean,Cruddace,dean@seobegin.com
Jen,Allison,msjenallison@gmail.com
Victor,Barladean,victorvrabii@yahoo.com
Lauren,Lee,lozbritton@hotmail.co.uk
Paul,Stritch,paulstritch@aol.com
Cheryl,Gordon,cgordon@uclan.ac.uk
Husen,Essa,husen@searchquest.co.uk
Freia,MÙhlenbein,freia.muehlenbein@gmail.com
CHIRAG,SHAH,chirag_4960@yahoo.co.in
Peter,Bowden,Bodie99@aol.com
ian,connor,ian19connor@hotmail.co.uk
Jason,Halstead,jasonhalstead@hotmail.com
Val,Dickinson,val@deferoconsultancy.co.uk
Ben,Smith,ben@poplaraegis.com
Stuart,Young,stuartwillyoung@hotmail.com
Andrea,Mellon,andreamellon@me.com
Stephen,Anderson,stephenanderson1@outlook.com
Jason,Tucker,tuckshot_94@hotmail.com
Dr. Anita,Peacock,anita.peacock@gmail.com
Ian,Lindsay,ianlindsay14@gmail.com
Adam,Mogose,adam@etailpeople.com
julian,diaz-santos hernandez,julian.diaz.santos@gmail.com
Michael,Devlin,michael@profitsengine.com
Roxanne,Robinson,roxiejrobinson@hotmail.com
Adrian,Murphy,adrian@shawacademy.com
Emily,Morton,emily@createinspire.org.uk
Danielle,Holly,danielle.finch@reedglobal.com
Charles,Sellers,charles@fusion2000.com
Prashant,Sharma,prashant.sharma45@gmail.com
Linda,Betts,lindabettsphotography@gmail.com
Mark,Robinson,mark@oceanlifeaquatics.net
David,Smith,contact@smallworldseo.com
Jamie,Bleakley,jamie_bleakley@yahoo.co.uk
Sandra,Berlin,sandraclimbandyoga@gmail.com
Engin,Somuncu,enginsomuncu@gmail.com
Lawrence,Jones MBE  UKFast,lj@ukfast.co.uk
Angela,Maher,amaher@acumenonline.net
Laura,Walters,lauraw@thecandidate.co.uk
Darren,Heslington,darren@dzltd.co.uk
Ben,Nimmo,bn@socialsignin.co.uk
Jason,D,jason@recruitment-boutique.com
Donnie,Strompf,dstrompf@gmail.com
Alexandra,Sturgess,a.sturgess@live.co.uk
Max,Mcshane,admin@bigleadbear.com
Tim,Joel,t.joel@preston.gov.uk
Mark,Aldridge,mark321aldridge@gmail.com
Richard,Heyes,richard.heyes@tecmark.co.uk
Helen,Pritchard,helen@blueskydigimarketing.co.uk
Eugene,Henry,eugenedhenry@yahoo.co.uk
Stephen,Larter,s.larter@yahoo.co.uk
Barry,Shearer,barry.shearer@addpeople.co.uk
Sarah Go-Eun,Choi,cgoeun@gmail.com
Tom,Burston,taclingain@hotmail.com
Dave,Cain,me@davecain.co.uk
Shelley,Butterworth,shellb_ville@hotmail.co.uk
Wally,Rodger,wallace.rodger@halton.gov.uk
Samantha,Blackburn,s.blackburn@preston.gov.uk
Lateef,Badat,lbadat1@uclan.ac.uk
Sophie,Hill,Sophie_hill_@hotmail.com
Ruth,Noel,ruth@taxtwerk.com
Nick,Litvinenko,rtbmedia.ua@gmail.com
Craig,Campbell,cc333@live.co.uk
Kiri,Nowak (The Content Wolf),kirirachel@gmail.com
Zara Elizabeth,Jones,zara_lavender@hotmail.com
Vatsana (Vosy),Gordon,vatsana.gordon@gmail.com
Frankie,Knight,frankieknight@hotmail.com
James F.,Rostance,james@wowvideoproduction.co.uk
Malik,Usman,usman@citrusbits.com
Lauren,Grandidge,lauren.grandidge@branded3.com
Rebecca,Walton,rebecca-walton@live.co.uk
Liv,Slack,liv.slack@gmail.com
Kate,Vincent,kate@marmaladetoast.com
Mary,Dunning,m_e_dunning@yahoo.co.uk
Andrew,Wood,awood@pareto.co.uk
David,Owen,deo160@outlook.com
Edward,Ockleford,edwardockleford@hotmail.co.uk
Kirsty,Bennett,kirsty.sutcliffe2@googlemail.com
Dennis,Taylor,dennis@taylormadesocialmedia.co.uk
Rachel,Goalby,rgoalby@gmail.com
Neil,Cowan CertRP MREC,neilcowan@mackenziejones.com
Elaine,Shaw,e.shaw82@hotmail.com
Kate Florence,Brazier,k8_b103@hotmail.com
Charlotte,Banister,charlottebanister@yahoo.co.uk
Tracey Louise,Bingley - 0161 200 1673 - 07702 798 064,Tracey@theapprenticeacademy.co.uk
Frances,Lochery,franlochery@hotmail.com
Paul,Battrick,p.battrick@clickthru.marketing
Jan,Lord,jan@guidebridgemot.co.uk
Katie,Abbott,katie.abbott@manpower.co.uk
John,Muir,john@john-muir.co.uk
Becky,Yardley,ryardley87@hotmail.co.uk
Russell,Cordingley,russell.cordingley@gmail.com
Rebecca,Cousins,beckybrown84@hotmail.com
Jana,Ippoliti,jana@gamesgurus.co.uk
Holleh,Nowrouz,hollehnowrouz@gmail.com
John,Felton,john@jmfelton.com
Chris,Murray,murrayc@leadforensics.com
Safiya,Hussain,safiya@safiyahussain.co.uk
Jenny,Simpson,jennysimpson2000@yahoo.co.uk
Maz,Hussain,mhussain@rethink-recruitment.com
David,Kettle,david.kettle@globepublishing.com.au
Shabbir,Mulla,shabbirmulla29@gmail.com
Damian,Gallagher,damian.gallagher1@btinternet.com
John,Healey,jhealey5@gmail.com
John,Sprott,jvsprott@hotmail.com
Neil,Dickson | SEO Manager,hello@soardigital.co.uk
Kleon,West,kleonwest@me.com
Raytchle,Reiss,raytchle@hotmail.co.uk
Lorrie,Hartshorn,contact@lorriehartshorn.com
Paul,Jarczynski,paul@jarczynski.co
NICHOLAS,BOWLES,nwbowles@yahoo.co.uk
Rob,Scott,rob.scott@denwa.co.uk
venki,sam,venki84.venkatesh@gmail.com
Peter,Montellier,pjmontellier@live.co.uk
Katie,Range,info@kcmarketingrange.co.uk
Laura,Stubbs,info@beaubaskets.com
Susanna,Anese,susy.anese@gmail.com
Matthew,Aguilera,iammattaguilera@gmail.com
RACHEL,FLANAGAN,flanaganrachel@hotmail.com
Fabrizio,Rinaldi,duderinaldi@gmail.com
Tori,Gibson,torig@talentinternational.com.au
Pravin,Pawar,pravin.vsp1@gmail.com
Matthew,Johnston,ubonmatt@hotmail.com
Matt,Darwell,matt@forwardrolerecruitment.com
DARREN,GOODING,dagooding1983@gmail.com
Stuart,Paterson,stuart.paterson@ukfast.co.uk
Petro,Jacenko,p_yatsenko@ukr.net
Bettina,Siddiqi,bettinasiddiqi16@hotmail.com
Billal,Serroukh,billal@videoadvisor.co.uk
Janice,Cumberlidge,janice@cumberlidgecreations.co.uk
Ben,Harrington,harrington.b1984@googlemail.com
Bill.,Badrock,bill.badrock@gmail.com
Fay,Schofield,fayschofield12@googlemail.com
Tristan,Gonzalez,tristan.d.gonzalez@gmail.com
Joanne,Bijsterbosch MBCS,JoanneBijsterbosch@hotmail.com
Lindsey,Lindsay,Lindsey.orme@provident.co.uk
Asif,Nissar,asifnissar@yahoo.co.uk
William,Wallace,william@visibleglasgow.com
Gerald,Heneghan,gmphen@gmail.com
Rachael,Norris,rachael@lancashirebusinessview.co.uk
Aires,Loutsaris,aloutsaris@gmail.com
Yael,Nahome,mallkitten666@gmail.com
Roger,Orgee,orgee3@gmail.com
Larry,Murphy,larry@marketmouse.co.uk
Massimo,Gobbo,massimo.gobbo@email.it
John,Luck,johnluck@hotmail.co.uk
Joanna,Osib,jbloodworth@theonegroup.co.uk
Jean,Atkinson DipM MCIM,jean@edenmarketing.co.uk
Grant,Ross,Rossg5577@gmail.com
Natalie,Fahey,nataliefahey@hotmail.co.uk
Maz,Hassan,maz.hassan@redandgray.co.uk
Tom,Booth,tom@foreverdigital.co.uk
Katie,Palmer,katie@palmerpublicity.co.uk
Vandana,Gaykar,linkedin@tridentwebinfoservices.com
Gino,Tupone,nelblugt@gmail.com
Samantha,Taylor,sam.taylor1972@hotmail.co.uk
Jack,Titley,jacktitley@hotmail.com
Mark,Higgins,mark@higginsmiller.co.uk
Jess,Shepherd,jess-shepherd@hotmail.co.uk
Sharon,Hardy,sharon.hardy@gralimited.co.uk
Natalie,Tyson,natalie_tyson@hotmail.com
Charlie,Fiander,charlottefiander901@hotmail.com
Rene,Markovic,renebrody@yahoo.co.uk
Maninder,Prihar,manprihar@hotmail.com
Lisa,Kelly,lisamichelekelly@live.com
Usman,Riaz,usman@bypublicdemand.com
Victoria,Fawcett,vlfawcett1984@hotmail.com
Peter,Stubbs,pete.stubbs@2amdesign.co.uk
Katie,Burke,katie.burke@hrsid.com
Sharon,Challinor,sharon@piranha-solutions.com
Alison,Livesey,alylives@hotmail.com
Garry,Payne,garry.payne@wyre.gov.uk
Steve,Allen,steve@123-drive.com
Momenul,Ahmad,badhan_pbn@yahoo.com
Jen,Abram,jabram@merseyrail.org
Stacey,(Cavanagh) MacNaught,staceycavuk@gmail.com
Dalia,Jose,dj.ethaka@gmail.com
Abigail,McAlpine,abigailkmcalpine@gmail.com
Rachel,Doyle,rachel.doyle@halton.gov.uk
Alexis,Humphrey,alexis@kokocontent.com
Emma,Healy,celhealy@aol.com
Gareth,Chadwick,gareth.chadwick88@gmail.com
Emma,Campbell,hello@whatemmadid.com
Adam,Lester,adamlester1029@yahoo.co.uk
Rebecca,Vincent,rebeccalouisevincent@gmail.com
James,Robinson,j_r@hot-shot.com
Brian,Matthews,brianm@thecandidate.co.uk
Debbi,Kruger,debbi.kruger@hotmail.co.uk
Chris,Seed,chrisseed01@gmail.com
Aaron,Wilton-King,aaron.wilton-king@asginternational.co.uk
Jennifer,Roberts,miss.roberts9@gmail.com
Danny,Sidgwick,danny@businesssearchlocal.co.uk
Gareth,McKetty,gmcketty@googlemail.com
Stuart,McNab,contactstuartonline@gmail.com
Peter,Bamber,peter@piranha-solutions.com
gary,gleavey,gary.gleavey@halton.gov.uk
Kathryn,Ditchfield,kathryn.ditchfield@hallishudson.com
Dave,Williams,dave@creative-network.co.uk
David,Matthias,davidmatthias88@hotmail.co.uk
Shelah,Semoff,shelah.semoff@halton.gov.uk
Louise,Buttery,louise.buttery1@outlook.com
Neil,Conway,getneil@hotmail.com
Christopher,Corrigan,ccorrigan@live.co.uk
Beto,Horta,betohorta@hotmail.com
Erin,Poland,erin.poland@hotmail.co.uk
Giovanni,di Cosmo,giovanni.dicosmo@gmail.com
Sam,Hewitt,sam_hewitt@hotmail.com
Rick,Seymour,social@seymour.im
Natasha,Beagelman,natashabeagelman1@hotmail.co.uk
Su,Dawber,suze71@ntlworld.com
Richard,Bannister,richardbannister87@yahoo.co.uk
Jenny,McMillen,jennyleidesign@gmail.com
Carla,Carr MCIM,carla_elston@hotmail.com
John,Pooley,jdpooley@gmail.com
Kirsty,Porter,klporter20@hotmail.co.uk
Karan,Nathan,Karan@adameveandapple.co.uk
Gustavo,De Felice,gustavo.defelice@websfarm.org
Claire,Wilkinson,clairescatwalk@gmail.com
Heather,Maryniak,heather_topping@hotmail.com
Annie,Kacperek,anniekacperek@hotmail.com
Dawn,Ellis,hello@design191.com
Jean-Baptiste,Aireau,jb@granite-marble-and-limestone.com
Louise,Rothwell,louise@rothwellpg.com
Peter,Stasiak,pbstasiak@gmail.com
Issam,Zoli,jawbfl@gmail.com
Robyn,Blake,robstb@hotmail.com
Lee,Taylor,lee.taylor@emailcenteruk.com
Norman Lee,Plumpton-Walsh,norman.plumpton@ntlworld.com
John,Marshall,john@semaphoredisplay.co.uk
Martin,Rawcliffe,info@razorrawks.co.uk
Emma,Alsop,emma_alsop@live.co.uk
Kate,Millington,kate.millington@cambiangroup.com
Sophie,Hayes Green,SLHGreen@hotmail.co.uk
Jimmy,Atkinson,linkedin1@mccarthyrecruitment.com
Clive,Stephenson,clive@hotmail.co.uk
Fredrik,Gernandt Segerby,fredrik.segerby@hotmail.com
Dan,Yates,dan.yates@live.com
Adrianne,Tierney,adriannetierney@hotmail.com
Rachel,Deer,rachel_deer@hotmail.co.uk
Matt,Jackson,matt@socially-m.co.uk
Rachel,Daly,r.daly@preston.gov.uk
Mark,Maudsley,mark.maudsley@gtaengland.co.uk
Stuart,Davidson,contact@stuartjdavidson.com
Chris,Walker,cwalker_8@hotmail.co.uk
Mark,White,MWhite1@uclan.ac.uk
Tim,Donald,tim.donald@climb-online.co.uk
Loic,Baudry,loicbaudry77@gmail.com
Andrea,Blasco,a.blascocasero@gmail.com
HOLLY,SHEA,hollydesigns@hotmail.co.uk
Katie,Horsefield,katie.horsefield@hotmail.co.uk
Justin,Covil,jmcovil@hotmail.co.uk
Paul,Martin,paul.martin@halton.gov.uk
Phil,Moss,phil_e_moss@yahoo.co.uk
Rachel,Rowley,rachel-rowley@hotmail.com
James,Cole,jamescole38@hotmail.com
Caroline,Pye,cbpye77@gmail.com
Amy,Cross,amy.cross@selectproperty.com
The,Retailer,therugshop@btinternet.com
Brian,Rollo,cllr.b.rollo@preston.gov.uk
David,McManamon,davidm@ppsi.co.uk
Vikki,Kinnear,vikki@websmartstudio.co.uk
Oliver,Lee,oliver@bgretail.co.uk
Lauren,Bartlett,laurenmbartlett@hotmail.com
Samantha,B,boydsamii@gmail.com
Patrick,Gundlach,linkin@zaer.de
Lindsie,Cooper,lindsie.cooper@langhill.co.uk
Sally,Yeoman,syeoman@haltonsthelensvca.org.uk
Charlotte,Yates,charlotte.yates@farfetch.com
Thomas,Boyle,thomas_boyle@yahoo.com
Rhian,Williams,rhianwilliams_design@live.com
Jessica,Boshier,jessboshier@hotmail.com
Beth,Robinson CertRP,beth@iknowho.com.au
Craig,Oates,craigoates@live.co.uk
Gemma,Baldwin,gemma_baldwin@hotmail.com
Sally,McDonald,sally.mcdonald@halton.gov.uk
Mariel,Norton,mariel.norton@gmail.com
Katrina,Drake,kat_drake@hotmail.com
Volha,Klimenkova,volha.kli@gmail.com
Sophie,Rahnema,sophieshahla@gmail.com
Jo,Walchester-Bailes,jowalchester@gmail.com
Ben,Steward ?,ben@depixionstudios.co.uk
Gary,Woollam,garywoollam1@hotmail.com
Paul,Highton,paul.highton14@hotmail.co.uk
Sophie,Parekh,sophieerlewis@gmail.com
Jonathan,Clarke,jonnyclarke07@hotmail.co.uk
Kapil,Lad,kapil.lad@gmail.com
James,Lees,jameslees85@gmail.com
Cassie,Cain,cassiecain456@outlook.com
Omi,Sido,omi.sido@gmail.com
Laura,Moulden,Laura-em@hotmail.co.uk
Matt,Barnes,mattbarnesonline@gmail.com
Nicholas,Morgan,nickmorgan@leadforensics.com
Faheem,Ahmad,faheemshah007@gmail.com
Jon,Nutten,jon@cottoncourt.com
Placement Office,"UCLan Art, Design & Performance",afplacement@uclan.ac.uk
Amy,Wright,amy.wright@cyberteam.co.uk
Kerstin,Tschernigg,kerstin.tschernigg@gmail.com
Richard,Hemmings,richardgwhemmings@msn.com
Logs,Matthews,logsdesign@hotmail.com
Jessica,Kuka,jessica.t.hughes@hotmail.co.uk
Natalie,Booth,hello@natbooth.com
Charlotte,Geoghegan,charlgeoghegan@gmail.com
Anuj,Sharma,Anujseo101@gmail.com
Kasia,Kenyon,kasialouise@hotmail.com
Kirstin,Hargreaves,kirstin.marie@hotmail.com
Stewart,Wallace,stew.wallace@btinternet.com
Paige,Johnstone,paige.cherish@gmail.com
Niamh,Spence,niamhsorchaspence@gmail.com
Ren_e,Alleyne,renee.alleyne@kissfmuk.com
Shay,Mason,shayy.mason@gmail.com
Calum,Curry,calumcurry@yahoo.co.uk
Olivia,Swift,oliviaswift@hotmail.co.uk
Margub,Alam,margub45@gmail.com
Sarah,Beeson,sarah@frameofsarah.com
Danielle,Easton,danielle_easton@hotmail.com
Rachel,Walker,rachel.walker@ojassociates.com
Dave,Lyall,davelyall@gmail.com
Christopher,Biffen,chrisjbiffen@gmail.com
Amanda,Price ?,amanda.price@o2.com
Des,White,des.white@me.com
Amy,Horsfield,amyhorsfield@yahoo.co.uk
Emma,Phillips,emmapphillips@hotmail.co.uk
Sarah,Miller,sarah@higginsmiller.co.uk
Phil,Green,philip.michael.green@gmail.com
Samantha,Tomlinson,salammomani766@hotmail.com
Mark,Smith,marksmith@3aaa.co.uk
Benjamin,Cox,benjamincox@hotmail.co.uk
Ruben,Cnobel,rubencnobel@hotmail.com
Rachel,Langton,rlangton@richmondevents.com
Louise,Logan,louise.logan@careerready.org.uk
Harry,Mills,harrylmills@gmail.com
Pedro,Ramos,pedroramos4531@gmail.com
Nicole,Broad,nixicoley@yahoo.com
Monazir Miran,Hussain,mjr_014@yahoo.com
Kilian,Vidal,vidalk@gmail.com
Jessica,Turnock,jessicaleaturnock@gmail.com
Jay,Vincent,hello@builtbyjay.com
Jessica Louise,Simm,jessicalsimm@hotmail.co.uk
Nigel,Hayes,nigel.hayes@halton.gov.uk
Sophie,Fletcher,sophiefletcher123@hotmail.co.uk
Aimee Victoria,Long,newyorkdollblog@gmail.com
Danny,Sheppard,djsheppard92@gmail.com
Katie,Purcell,kathryn.b.purcell@gmail.com
Lisa,Wilson,lisa@ultimateair.co.uk
Carl,Reed,carl@carlreed.co.uk
Melissa,Woodall,melwood248@gmail.com
Hayley,McKenna,info@durhamclimbingcentre.co.uk
Robert,Binns,Robert@cottoncourt.com
Laura,Betts,l_betts@hotmail.com
Ian,Heslop,i.heslop@preston.gov.uk
David,Szabo,david.szabo@brandvee.com
Ashish,Anantharaman,ashishanan@gmail.com
Peter,Jefferson,peter@visionistic.co.uk
Jenni,Hill,jennisarahhill@gmail.com
Varun,Bhatnagar,varunbhatnagar22@gmail.com
Yashpal,Wadhwa,yashpal.wadhwa@gmail.com
Aaron,Brown-Smith,aaronbrownsmith@hotmail.co.uk
Jenna,Wayne,jennalouisewayne@live.co.uk
Avril,Mitchell,avrilmitch11@yahoo.co.uk
Oliver,Ellis,olivere@energizerecruitment.co.uk
Stephanie,Wedderburn,stephanie@blockworksmedia.com
Jennifer,Bowden,jenniferbowden@hotmail.co.uk
David,Nottage,nottage@hotmail.com
Becky,Street,admin@beckystreet.com
Cheryl,Woods,cherylsuzannewoods0712@hotmail.co.uk
Chris,Cayless,chris@seed.media
Kay,McCartney,k@ymccartney.com
Dominic,Tarn,dt@houseofcontent.co.uk
Samantha,Hutchinson,slhutchinson@live.co.uk
Robyn,Scott,robyn.scott@responsetap.com
Michelle,Walker,michelle@whatcar-leasing.co.uk
Marcus,Bronzy,marcus@marcusbronzy.com
Adam,Leel,adam.leel.001@gmail.com
Lesley,Walsh,Lesley@wheelrepair.co.UK
Stephanie,Dalton,stephanieldalton@gmail.com
Haamiyah,Soobhany,h_soobhany@hotmail.co.uk
Susannah,Edwards-White,susannahedwards@msn.com
Richard,Lambert,richard@FitnessWarehouseUK.com
Stewart,Case,stewart.case@jones-harris.co.uk
Chloe,Robinson,ChloeLouise94@live.co.uk
Sophia H_lène,Price,price.sophia.helene@gmail.com
Amy,Blundell,amy@cottoncourt.com
Rodica Maria,Lazar,rodica.m.lazar@gmail.com
Hunza,Guides,hunzaguides@gmail.com
Josephine,Nancollis,josephinenancollis@yahoo.co.uk
Chris,Oliver,hello.mrchris@icloud.com
Holly,Keenaghan,Holly.Keenaghan@onthebeach.co.uk
Deepa,Khatri,dee_k@hotmail.co.uk
Anton,Greig,anton@spherelondon.co.uk
Martin,Huntbach,martinhuntbach@googlemail.com
Tamanna,Ali,tamannaali5@gmail.com
Deniz,Colak,denizcolak6@gmail.com
Sophie,Birch,sophie.birch@virginmedia.co.uk
Zoe,Witherspoon,zwitherspoon@hotmail.co.uk
Steph,Onion,Steph@printmonster.co.uk
Debbie,Slater,D.Slater@preston.gov.uk
Rachel,Hovell,r.hovell@live.com
Jennifer,Kelly,jenniferkelly3113@gmail.com
Saul,Malpass,malpass_1@hotmail.com
Ryan,Parrett,rparrett94@gmail.com
Lucy,Reid,lucy.reid@badenochandclark.com
Ross,Carroll,mcarroll2727@gmail.com
Nazma,Ghafoor,g_nazma@hotmail.com
Perry,Lear,perry.lear@hotmail.co.uk
Andre,Pierrie,andre@bulldogdigitalmedia.co.uk
Elizabeth,Griffiths,lizziebethwrites@hotmail.com
Les,Peters,lespeters1981@hotmail.com
Louise,Moore,louisemoore124@gmail.com
sara,jabbari,sara_jabbari@hotmail.com
Rashda,Batool,rashda.batool@hotmail.com
Kate,Russell,kate@novellabuying.com
Colin,Dargue,colindargue@gmail.com
Tamar,Reay,t.reay@preston.gov.uk
Roshni,Patel,roshni.90210@yahoo.co.uk
Divya,Patel,divya91patel@yahoo.co.uk
Deborah,Clark,deborahclark@csnw.co.uk
Stacey Louise,Astley,stacey-astley@hotmail.com
Lauren,Dale,Lauren.dale@digitalnext.co.uk
Emma,Brereton,emma.brereton@ibmsrecruitment.co.uk
Jack,Dixon,jack_o_@hotmail.co.uk
Lucy,Clarke,lucy@socialchain.co
Beatrice,Tyszkiewicz,beata.tyszkiewicz@gmail.com
Roman,Taylor,romantaylor84@yahoo.co.uk
Megan,Gilbride,wonderful.you@hotmail.co.uk
Neil,Darby,neil_darby@live.co.uk
Emma,Ashdown,emma@lj-creative.co.uk
Hannah,Evison,hannahxevison@hotmail.co.uk
Phaedra,Robinson,phaedra24@hotmail.com
Nicola,Tudor-Lewis,nicola.a.m.churchman@gmail.com
Sonida,Goraj,sonidagoraj@gmail.com
Rhiannon,Noot,rnoot@yahoo.co.uk
Iain,Wilson,iain.wilson81@googlemail.com
Paige,Nunu,paigus@hotmail.co.uk
Hayley,Stoddart,hayley.stoddart91@hotmail.co.uk
Simon,Wilson,simon@simondwilson.com
Osman,Zaman,osman_zaman@live.co.uk
Danielle,Alinia,da@rtguk.co.uk
Daniel,Birkett,dbirkett@gmx.com
Sarah Helen,Lee,sarahhelen.lee16@gmail.com
Oana Andrada,Matei,oana_matei_ot@yahoo.com
Kelly,Kirkby,kellywickham@hotmail.co.uk
Rachael,Dennis,rachaelvld@hotmail.com
Scott,Colbear,colbears@tiscali.co.uk
Emma,Nattrass-Daniels,Em-j@hotmail.com
Lily,Thistlewood BA (Hons),lily_this@hotmail.co.uk
Hollie,Cookson,hollierebecca@gmail.com
Habiba,Khanom,habz_k@hotmail.co.uk
Lucy,Funnell,lulux2102@gmail.com
Rebecca,Martin,rebecca.martin@the-challenge.org
clare,johnson,clare.johnson@tensator.com
Chris,Williamson,chriswilliamson110@hotmail.com
Emma,Sweeney,emmasweeney19@hotmail.com
Lauren,Fitzsimmons,laurenfitzsimmons@gmail.com
Emily,Floyd,emily_floyd@hotmail.co.uk
Julia,Bradley,juliabradley@live.co.uk
Kevin,Hingley,kevinhingley@gmail.com
Sam,King,sam@limelace.co.uk
Declan,Warburton,declanwarburton@hotmail.co.uk
Olivia,Buckley,olivia.lb@live.co.uk
Andi,Berry,guinanthecat@hotmail.com
Ana,Mavrodineanu,ana.mavrodineanu@yahoo.com
Ged Macdomhnaill,Climbing Hangar Liverpool,boulderliverpool@gmail.com
Hiten,Vaghela,hiten187@hotmail.com
Rachel,Lewis,Rachel.E.Lewis@arcadiagroup.co.uk
James,Firminger,firmy007@hotmail.com
Lewis,Cook,lewiscook1985@gmail.com
Negah,Amiri,negah@danielmarks.com
Ryan,Ellis,ryanellis2k4@hotmail.com
Sam,Bamber,samuelbamber@gmail.com
Tony,king,tonykingdj@hotmail.co.uk
Lauren,Riley,laurenariley@hotmail.co.uk
Susan,Newton,S-Newton@hotmail.co.uk
Kieran,Edwards,Kieran@shoot-the-moon.co.uk
Melanie,Hill,meljachill@gmail.com
Stephanie,Brown,steph@faiiint.com
Mike,Cunningham,mikeycunningham@hotmail.com
Andy,Taylor,andybusiness@live.co.uk
Katie,Parsons,katieellenparsons@gmail.com
Awais,Awan,awaisawan.libra@gmail.com
Dave,Stockdale,djs65@live.co.uk
Laura,Maclean,lauramaclean52@hotmail.com
Danny,Davis,Danny1blue@hotmail.co.uk
Istvan,Bujdoso,info@47links.com
Francesca,Stokes,francesca.rstokes@gmail.com
Harriet,McWilliams,harrietmcwilliams@hotmail.com
Natasha,Reynolds,Natasha.Reynolds7@yahoo.co.uk
Angus,Deuchar,a.deuchar@gmail.com
Sophie,Elbourn LRPS ACIM,sophie-pickle@hotmail.co.uk
Gareth,Hancock,gjhancock01@gmail.com
Anthony,Brown,anthonybrown1988@live.co.uk
Kathryn,Gibson,kathryn_e_gibson@yahoo.co.uk
Sarah,Watson,smile-xo@hotmail.com
Eat,My Logo,sales@eatmylogo.co.uk
Amy,Campbell,amy.campbell@live.co.uk
Liz,George,elizabeth.george@t2000.co.uk
Nick,Howarth,nick.howarth@taypat.co.uk
Alina,Popescu,alina@caphyon.com
Stewart,Hicks,stew@artnoiseevents.com
Steph,Grove,hello@stephgrove.co.uk
Rosie,Cowan,rosiec90@hotmail.com
Natalie Rose,Allison,natalieroseallison@hotmail.com
Nicola,Pyle,nicolapyle18@hotmail.com
Simon,Thomas,simonapthomas@gmail.com
Natalie,Chappell,nataliejanechappell@gmail.com
Charlotte,Norris,charlotte-norris@hotmail.com
Bethan Robertson,Harris,contact@brhmarketing.com
Ailsa,Duncan,ailsaduncan@g1group.co.uk
Donna,Riding,riding66@googlemail.com
Lauren,Peters,laurenalexandrapeters@gmail.com
Andrew,Penfold,andrewpenfold89@gmail.com
Hattie,Coyne,hattie.coyne@yahoo.com
Sirish,Sunkara,sunkarasirish@gmail.com
damian,cox,damian@wildstone.co.uk
Jeetendra,Dave,Jd-1977@hotmail.com
Alasdair Joe,Hymers,joehymers@gmail.com
Ann-Marie,Kenny,anndoxey@btinternet.com
Katie,Jones,katiekjones@hotmail.co.uk
Lizzie,Gilbert,elizabeth.gilbert@hotmail.co.uk
Charlotte,Murray,lottejmurray@hotmail.com
Pratik,Sanghvi,sanghvipratik22@gmail.com
Cina,Keshmiri,cinagalaxy@gmail.com
Matthew,Rush,matthewjamesrush1979@gmail.com
Ilkay,Gregory,Ilkay.Gregory@hallishudson.com
Christine,Tyrer,C.Tyrer@preston.gov.uk
Sajid,Rabi,sajid.rabi9@gmail.com
Katy Paris,Royce,katy-royce@hotmail.co.uk
Darren,Taylor,darren@newmediaweb.co.uk
James,Whittingham,james.whittingham@wiser.digital
Mig,Smith,miguie@hotmail.co.uk
Simon,Fryer,simongpfryer@gmail.com
Arthur,Habrial,arthur.habrial@gmail.com
Janey,Leonard-Myers,janey.leonard.myers@gmail.com
Vickie,Bertram,indaclub2000@hotmail.com
Ian,Hamilton BEng (Hons),ihamilton@live.co.uk
Nafisah,Akhtar,fee.akhtar@hotmail.co.uk
Rachel,Stokes,rachelstokes34@gmail.com
Christian,Sloan,csloan1971@gmail.com
Alan,Meston,a.meston@hotmail.com
Kris,Clarke,fish131182@gmail.com
Gemma,Cailler LION,gemma.cailler@manchester.ac.uk
Kate,Simmonds,katesimmonds@live.co.uk
Dannielle,Noonan,danniellen@hotmail.co.uk
Katherine,Brooks,k_brooks@hotmail.co.uk
Michael,Beardsell,michael.beardsell@i-com.net
Chris,Mould,chris.mould2006@hotmail.com
Natasa,loizou,natasaloizou16@gmail.com
Martina,Di Bari,martinadb84@gmail.com
John,Griffin,sponse@me.com
Ben,Govier,ben@1planrecruitment.uk
Kath,Wilkinson,kath.wilkinson@sjpp.co.uk
Aurora,Johnson,laruku_fan_forever@hotmail.com
Robyn,Edwards,batmanswritehand@hotmail.com
Jacquie,Steele,jacquie.brereton@me.com
Darren,McCowan,darren.mccowan@btinternet.com
Hannah,Shillito,haninjapan2@hotmail.co.uk
Sarah,Fielden,sarah_fielden@hotmail.com
Sumeet,Vashist,vshisht.sumeet@gmail.com
Harriet (Hattie),Broom,hattiebroom@hotmail.com
Margarita,Barnfield,margarita.barnfield@voiteq.com
Michael,Hughes ?,michael.hughes@valetech.net
Connor,Blakey,connor.blakey@performancehorizon.com
Eve,Tinker,evetinker@hotmail.co.uk
Gemma,Kirby,gemkirby@live.co.uk
Alana,Deighan,N0387596@my.ntu.ac.uk
Daniel,Brookes,dook2014@outlook.com
Kate,Sower,kmmsower@hotmail.co.uk
Kelly,Millward,kellymillward94@hotmail.co.uk
Paul,Bailey,paul@ahoycreative.co.uk
Sophie,Iredale,sophie_iredale@hotmail.co.uk
Danielle,Ganning,danielle@digital-picnic.email
Conor,Giles,conorgiles@hotmail.com
Mel,Daggett,meldaggett@hotmail.com
Paige,Eaton,paigechloeeaton@gmail.com
Max,Owen,maximowen@hotmail.co.uk
Ryan,Hallwood,Ryanhallwood@hotmail.com
Moazzem,Hossain,moazzemeee05@gmail.com
Tony,Delaney,anthony.delaney@homeserve.com
Alana,Andrews,alanaandrews.seo@gmail.com
Steven,Cole,steve@colehousedigital.com
Ross,Jenkins,rossjenkins2009@gmail.com
Sara,Bryan,sara.bryan@hotmail.co.uk
Emma,Ledger,whereonearthisemledger@gmail.com
Qurratulain,Zaheer,qzaheer@outlook.com
Michael Adam,Williams,michaeladamwilliams@googlemail.com
Shirah,Bamber,shirah.bamber@gmail.com
Lucy,Woolford,lucywoolford@googlemail.com
Louise,Brown,loulabellebrown@hotmail.co.uk
Barry,Fox,barry.fox@heartinternet.co.uk
stephanie,larty,stephlarty@hotmail.co.uk
Natalie,Richardson,natalie.richardson@baltictraining.com
Nicola,Wheldrake,nwheldrake@gmail.com
Natasha,Mills,ntshlee57@gmail.com
Mark,Ashton,markwilliamashton@gmail.com
Olivia,Davies,oliviakdavies@gmail.com
Clare,Dunnett,clareacdunnett@gmail.com
Ebony Lauren,Nash,ebonylaurenn@gmail.com
Mukarram,Mugal,Sheenu.mugal@gmail.com
Jade,Monori,jademonori1@gmail.com
Laura,Chippendale,laurachippendale@gmail.com
Stephanie,Lord,stephanielord8@gmail.com
keith,middlebrough,kmiddlebrough@preston.ac.uk
Mark Andrew,Smith,mark.smith@markandrewsmith.ie
Jack,Johnson,jack.johnson@blu-digital.co.uk
LISA,Wilde,lisa.wilde@staffoldham.co.uk
Kirsty,Wilkinson CIMA Adv D,kirsty.wilkinson@live.co.uk
Nicholas,Hare-Churchill,Nicholashare-churchill@outlook.com
Sophie,Parden,sophieparden@outlook.com
Amelia,Johnson,hello@ameliajohnson.co.uk
Tony,Noonan,tnoonan45@yahoo.com
Tilly,Yates,yatessarah94@hotmail.com
Emma-Louise,Trotter,hello@emmalouisetrotter.com
Max,Lonsdale,mshlonsdale@gmail.com
Sarah,Harman,sarahfharman@gmail.com
Emily,Jacques,emilyc.jacques@gmail.com
Emma,Bragger,emmamarsh2008@hotmail.com
Lauren,Henley,lauren-henley@live.co.uk
Joe,Walls,joewalls595@msn.com
Stephen,Lucas,stephen@cpspoweruk.com
Graham,Kirk,gray.kirk@hotmail.co.uk
Mauro,Gadaleta,mggadaleta@gmail.com
Arshad,Ebrahim,arshad88ebrahim@gmail.com
Charmaine,Gregory,charmaine.gregory@shopdirect.com
Lauren,Forse,laurenforse@gmail.com
Hugo,Bryant,hugocpbryant@gmail.com
Dave,Dyer,dave@redrosepm.co.uk
Mina,Leslie-Wujastyk,mina.climbing@googlemail.com
Rachel,Meredith,RMeredith1@uk.ey.com
Jade,Archibald,dotty.dolly@ymail.com
Emma,Spencer,espencer@lime-management.com
Tilly-Jayne,Kidman,tj_132@hotmail.com
Chris,Kevill,CKevill@ssgltd.co.uk
Swagata,Malik,malik.swagata@gmail.com
Marta,Todorczuk,marta.a.stanczyk@gmail.com
Robert,Kennedy,robfkennedy@gmail.com
Chloe,Spencer,chloe.spencer23@gmail.com
Danny,Lynch,contactdannylynch@gmail.com
Hamish,Melrose,jhmelrose@hotmail.co.uk
Holly,Brooke,hollyvbrooke22@aol.com
Amy,Etherington,amy.etherington@fishinsurance.co.uk
Vicki,O'Brien,vicki.obrien180@yahoo.co.uk
Becky,Brown,becbrown6@gmail.com
Oana,Borhan,oanaelena.borhan@gmail.com
Gerald,Murphy,gerald.murphy@europe.com
Rachael,Green,rgreensocialmedia@gmail.com
Matt,Toreo,matt@ninjasproxy.com
Daniel,Cordwell,daniel@visionsdesign.co.uk
Jordan,Slaney,slaney.jordan@gmail.com
Ongun,Akay,info@ongunakay.com
Megan,Clark,megan.clark@ovoenergy.com
Oliver,Burke,oliverburke1993@gmail.com
Claire,Cavanagh,claire_cavanagh@hotmail.com
Jenny,Ho,hellojennyho@gmail.com
Martin,Stead,martin05hotmail@msn.com
Melissa,Burton,melissarampley@live.com
Marc,Orme Jukes,marc.orme@yell.com
Tarek,Besbes,tarbez@gmail.com
Melanie,Burgess,melanieupsearch@gmail.com
Daniel,Hill,daniel.e.hill91@gmail.com
Emily,Kerr,emilykerr10@yahoo.co.uk
Don,Murphy,dmurphy@optimumseoservices.com
Rebecca,Conway,beckie_conway@hotmail.co.uk
Terri,Lowe,helloterrilowe@gmail.com
Chloe,Beveridge,chloebeveridge@yahoo.co.uk
Oliver,Laxton,oliverlaxton@hotmail.co.uk
Helen,Diston,pobbadist@hotmail.com
Lily,Veremis,everemis@hotmail.com
Natalie,Shaw,natalie.shaw1992@gmail.com
Nicole,Andrew,nicole@dontcopyme.com
Kirsty,Hall,kirstyalex@hotmail.co.uk
Rebecca,Derbyshire,becky.derbyshire@btinternet.com
Garry,Quinn,garryquinn@cadglobal.co.uk
Tyla,Whittam Bsc,tylawhittam@outlook.com
Leonie Kate,Brown,leonie1991brown@hotmail.com
Alexandra,Moerschner,alexandramoerschner@hotmail.co.uk
Ben,Schofield,ben.schofield17@gmail.com
Anna,Campbell,annacampbell18@gmail.com
Steph,Eccles,stephecclescreative@hotmail.co.uk
Peter,Screeton,pete@Create8.co.uk
Danielle,Kenny,dannikenny-x@hotmail.com
GED,Forrest,gedforrest@sky.com
Tom,Giokabari,Tom@samqior.com
Karen,Smith,karensmith193@hotmail.co.uk
Harriet,Wright,harrietrosewright@hotmail.co.uk
Greg,Mackenzie,mackenzie.greg@gmail.com
Georgia,Zaryckyj,georgia_zaryckyj@hotmail.co.uk
Becky,Smith,bex.l.smith@hotmail.co.uk
Eloise,Merrigan,eloise.m7@live.co.uk
Rachel,Cornforth,rcornforth@ymail.com
Tiffany,Kalus,tiff_kalus@hotmail.co.uk
Hayley,Moran,hayleyvmoran@gmail.com
Holly,Gordon-Gibson,holly_gg5@hotmail.com
Kieran,Thomas,kieran.thomas79@gmail.com
Jake,Jennings,jakeje@softcat.com
Nikki,Whyte,nikkiwhyte1@gmail.com
Jake,Oates,jioates92@gmail.com
Sam,Walley,Samuel.walley92@gmail.com
Lou,Lawson,lou@b2b4b.co.uk
Heather,Lock,heatherlock1991@hotmail.co.uk
Karnav,Shah,karnav1979@gmail.com
Chelsie,Teasdale,c.teasdale@pdrltd.co.uk
Joel,Dunning,mrjndunning@outlook.com
Eva,Grey,Eva.Grey@progressivemediagroup.com
Melissa,Walton,melissaxwx@gmail.com
Cat,Crawford,catcrawf1990@gmail.com
Jennifer,Ford,jenfordcp@yahoo.com
Katie,Cooper,katiecooper@yahoo.com
Jane,Hawarden,janeh@horsfield-smith.co.uk
Samantha,Long,samantha.long@yoma.co.uk
Rebecca Lauren,Collins,rebeccalaurencollins@gmail.com
James,Alderman,jamesalderman1980@gmail.com
Raja Usman,Abdullah,raja_usman_abdullah@hotmail.com
Julie,Mason,joolymason@yahoo.com
Georgie,Bowden,g.bowden@venture-recruitment.co.uk
Madeleine,Penfold,hello@madeleinepenfold.com
Evgeni,Terziev,terziev.evgeni@gmail.com
Alice,Stanley,alicegstanley@gmail.com
Christopher,Martin,chris.martin@flexmr.net
Rebecca,Jones,beckyjones74@hotmail.co.uk
Nicola,McGregor,niicolarrr93@hotmail.com
Joel James,Woodage,joelwoodage@gmail.com
Johnny,Donaghue,Johnny.Donaghue@altiusgroup.co.uk
Dijonn,Taylor,dijonn@savvyguest.co.uk
Keith,Riley-Whittingham,keith.riley-whittingham@homeserve.com
Pamela,Higgins,pamelabustard@gmail.com
Karl,Townsend ACSI,k.townsend@hedleyandco.co.uk
Beckie,Livesey,RJlivesey@outlook.com
Matthew,Champion,mattychamp31@hotmail.co.uk
John,Taylor,j.taylor@preston.gov.uk
Jessica,Parker,jessicalucyparker@hotmail.co.uk
Peter,McGlynn,petermcglynn89@gmail.com
Emily,Diment,emilydiment@icloud.com
Edward R,Farthing,erfarthing@outlook.com
Bronwyn,Kyte,bronwynkyte@live.co.uk
Maria,Bellusci,maria.bellusci@yahoo.com
Samantha,Massey,sammass25@hotmail.com
Sandy,Dougal,sandy.dougal@audi.co.uk
Alessandro,Volpino,alessandro.volpino86@gmail.com
Natalie,Bishop,nataliesasha@hotmail.co.uk
Sophie,Bishop,sophieleighbishop@hotmail.com
Hollie,Moulton,holliemoulton@hotmail.co.uk
Jade,Merabi,Jadmerabi@hotmail.co.uk
Janine,Pickering,janinepickering@yahoo.co.uk
Elizabeth,Kelly,elizabethjayne93@gmail.com
Hollie,Ratcliffe,Hollie@maxolivermarcs.com
Katie,Noonan,katie.noonan@itstechnologygroup.com
Danielle,Dixon,danielle.dixon@live.co.uk
Sophie,Snelson,s.snelson@jamrecruitment.co.uk
Sarah,Hughes,sarbullock@hotmail.co.uk
Hollie Francesca,Bradbury,holliebradbury1@live.co.uk
Ella,Cranmer,ellacranmer@hotmail.co.uk
Touseef,Ahmad,touseef_ahmad@rocketmail.com
Gemma,Thorpe,g.thorpe123@hotmail.co.uk
James,Lane,essexseos@gmail.com
Emma,Brewer,eb@theapprenticeacademy.co.uk
Arian,Kalantari,arian@theladbible.com
Alex,Jimenez,alex@neatweb.co.uk
Brian,Ezeala,ezealaclothing@gmail.com
Ahmed,Ibrahim [ LION ],AhmedIbrahimDM@gmail.com
Jonathan,Noblet,jonathanp.noblet@gmail.com
James,Graham,jamesg@woodfordheating.com
Amit,Halder,mail2kadio@gmail.com
Samer,Mohammed,samer14.mohammed@gmail.com
Emma Jane,Smith,emma.smith@cartmells.co.uk
Gemma,Hughes,gemma.hughes28@hotmail.co.uk
Sophie Cecilia,Allen,sophieallen-@hotmail.co.uk
Hannah,Pym,hannah_pym@hotmail.co.uk
Laura,Dyer,laura_dyer@hotmail.co.uk
Jessica,St.Pierre,jessica_emily@hotmail.co.uk
Daryn,Allinson,daryn.allinson@stratstone.com
Francesca,Wright,frankie1310@live.co.uk
Joshua,Taylor,joshuadelanotaylor@gmail.com
Rahul,Tiwarekar,rahul.tiwarekar6641@gmail.com
Amy,Jones,amylj6@gmail.com
James,Blackburn,jamesblackburn1993@gmail.com
Darren,Smith,darrencsmith2011@hotmail.co.uk
Holly,Charlesworth,h.charlesworth@hotmail.com
Kathryn,Williams,kathrynwilliams1992@hotmail.com
Chelsea,Walla,chelz_tori@hotmail.co.uk
Camilla,Scanes,camillascanes@hotmail.co.uk
Dean,Higgin,deano54krig@hotmail.co.uk
Megan,Downes,meganroseemilia@hotmail.co.uk
Gemma,Kennedy,lapalmagem@aol.com
Melisha,Trout,melishatrout@outlook.com
Coty,Cryts,cotycryts@gmail.com
Ashley,Rudd,ashleyrudd13@hotmail.com
Lisa,Williams,lisawilliams1991@me.com
paul,blakeley,pblakeley@gmail.com
Lee,Thompson,leethompson99_1@hotmail.com
Dominika,Frodyma,d.jak.domi@googlemail.com
Adam,Parker,adamparker93@hotmail.co.uk
Rebekah,Guilar,rebekah.guilar@72andsunny.com
Sigita,Rimkeviciute,s.rimkeviciute@gmail.com
Eamonn,Horgan,eamonn.horgan@pleaseholduk.com
Roberta Jayne,Friar,bobbiefriar@gmail.com
Sue,Dando,fosterdando@icloud.com
Callum,Dembowski,callumd1994@gmail.com
Dharmesh,Tiwari,btiwari911@gmail.com
Nathan,Blackburn,nate@easywebsiteuk.com
Gareth,Hamilton,slatesnladders@yahoo.co.uk
Vikki,Strang,vikki@all-in-onebusiness.com
Faye,Carroll,faye.carroll1@gmail.com
Pavan,Eastpoint,pavan@eastpoint.co.uk
Aaron,Thoresen-Davidson,aaronthoresen@hotmail.com
Matthew,Kelly,mkelly5@uclan.ac.uk
Amornchai,Sutumkasem,amornchai.sutumkasem@facebook.com
Bethany,Eddleston,bethanyeddleston@hotmail.com
Janie,Anderson,j.l.anderson@hotmail.co.uk
Lorraine,Cox,L_Cox90@hotmail.com
Abdullah,Anees,abdullahanees@hotmail.com
Tom,Cafferkey,tjcafferkey@gmail.com
Jessica,Dick,jess@fatmedia.co.uk
Robyn,Store,robyn.store@live.co.uk
Jenni Elisabeth,Newton,J.e.newton@hotmail.co.uk
India-Robyn Jewel,Morgan,india504@hotmail.com
Emma,Gardiner,egardiner3@gmail.com
Yessica,Kett,yessi_sbfc@hotmail.co.uk
geoff,molyneux,geoffmolyb@gmail.com
Christopher,Bignall,Christopher1878@gmail.com
Rebecca,Shepherd,rebeccajayneshepherd@outlook.com
Jessica,Edmunds,jess.edmunds@yahoo.co.uk
Becky,Allen,beckyboop31@hotmail.co.uk
Sam,Bettis,sam.bettis91@gmail.com
Danielle,Needels,danielleneedels@gmail.com
Lee,Coles,pannabudlee@gmail.com
Mia,Costellah,glambymia@live.com
Joel,Rubenstein,j.rubenstein@hotmail.co.uk
Iveta,Bernane,ivetabernane@hotmail.com
Amy,Rule,amyjane44@hotmail.co.uk
Sasha,Jones,sashaljones1@gmail.com
Ian,Killey,ian.killey@sky.com
Emma,Hyman,emie_114@hotmail.com
Yara,Alderbas,yara-kd@hotmail.com
Ed,Kendall,ed.kendall57@gmail.com
Alex,Breeds,alexandrajb@live.co.uk
Jamie,Dawson,jamie_dawson6990@hotmail.com
Jude,Burrows,judebpurple@gmail.com
Ellen,McGann,ellenmcgann@hotmail.co.uk
Ahmed,El-Kilany,firstmegane_2010@yahoo.com
Alexandra,Jackson,alexandra_jackson@outlook.com
Victoria,O'Connor (nee Blackmore),victoria.blackmore@reedglobal.com
Emma,Procter,emahoshi1@aol.com
Greg,Rouse-Emeny,rouse.emeny@gmail.com
Ben,Alfrey,ben@gradlancer.co.uk
Holly,Fitzgerald,holly@cdsr.com
Charlotte,Leach,charlotteleach24@yahoo.com
Charlotte Francesca,Cooper,charlottecooper1@live.co.uk
Kerry,Howard,kerryhoward1991@gmail.com
Chloe,Hall,chloehall23b@hotmail.com
Iain,McCulloch,mccullochiain@hotmail.com
Hayley,Cowburn,hayleycowburn@gmail.com
Aaron,Nicholas,aaronnicholas@live.com
Reece,Hobson,ReeceHobson11@hotmail.co.uk
Seph,Lund,joseph_lund@hotmail.co.uk
Laura,Ryder,lj.ryder26@gmail.com
Eduardo,Sobral Guilherme,esobralguilherme@gmail.com
Lottie,Richards,charlotteerichards@gmail.com
Alex,Best,alexbest9@hotmail.co.uk
Matthew,Care,matty_care@hotmail.co.uk
Lee,Bunting,leebunting@hotmail.co.uk
Christopher,"Chorley, Digital Marketing Consultant",cheapseosource@gmail.com
Laura,Wood,lauratierney05@hotmail.co.uk
Laura,Holton,laura.s.holton@mac.com
James,Harrison,james@wau-fusion.co.uk
Emma,Higgins,ehiggins@18sjs.com
Peter,Rosbottom,peterrosbottom@hotmail.com
Helen,Jackson,smelly_blue_goldfish@hotmail.co.uk
Tanya,Cooper,tanya_cooper@hotmail.com
Jordan,Harrison,jordan-paige@live.co.uk
Alice,Davies,alice_louisa_davies@hotmail.co.uk
Fiona,Anderson,fanderson77@hotmail.co.uk
Amy-Leigh,Cluskey,amyleighcluskey90@gmail.com
Imran,Choudury,info@globaleventsmgnt.com
Samuel,Johnson,samuel.johnson@frazerjohn.com
Lucy,Clayton,lucy@jamiemillerrecruitment.com
Georgina,Goodman,xxgeorgina18@hotmail.co.uk
Samantha,Wragg,samantha_wragg@hotmail.com
Chris,Reynolds,cpr1983@hotmail.co.uk
Claire,Short,cescreation@hotmail.com
Derek,Tierney,derekmartintierney@gmail.com
Ryan,Lester,ryanlester14@gmail.com
Louis,Ellis,louis13@hotmail.co.uk
Hannah,Brown,hannahbrown13@hotmail.com
Sam,Coggin,sam@thecoggingroup.com
Pareshkumar,Chauhan,pichauhan@gmail.com
Hannah,"Russell, Dip DigM",hannahr@hotmail.co.uk
Martin,Komugovi?,komugovic@gmx.de
Punam,Tapali,punamtapali@hotmail.com
Chloie,Brandrick,chloie.brandrick@click.co.uk
Cal,Salvaggio,calogero_united@hotmail.co.uk
Zoe,Whittaker,zoejw@hotmail.co.uk
Robert,Watts,rob@ph-creative.com
Jade,McMahon,jade.mcmahon@homeretailgroup.com
Georgia,Smyth,gs@theapprenticeacademy.co.uk
Hani,Fashhou,hani@247enterprises.co.uk
Mauro,Valvano,valvano.m@live.it
Casey,Imafidon,caseyimafidon@gmail.com
Demi,Halliday,demihalliday94@gmail.com
Martin,Cook,Martin.cook@turnaroundadvertising.co.uk
Peter,Hayhurst,peterhayhurst@hotmail.co.uk
Anthony,Smith,asmith@redpencilproductions.co.uk
Cristina,Moniz,cmoniz31@gmail.com
Danny,Eccles,danieleccles2@gmail.com
Leah,Crane,leahclimb@googlemail.com
Chlo_,Campbell,chloe_campbell@live.co.uk
Sophie,Bracegirdle,s.bracegirdle@outlook.com
Mohd,Arif,arifbca09@gmail.com
Jennifer,Sewards,jennysewards@yahoo.co.uk
Adam,Cooper,hello.adamjcooper@gmail.com
Hannah,Ratcliff,hmrr@hotmail.co.uk
Sarah,Chambers,chamberssmc@hotmail.co.uk
Carly,Phillips,carly.phillips94@gmail.com
Dave,Scott,davescott@chapelpress.com
Jessica,Fowler,jfowler325@live.com
Gr_gory,Mancel,gregorymancel@gmail.com
Ellie,Bailey,ellie.mb@hotmail.co.uk
Alison,Puddle,alison.puddle@hays.com
Becka,Shepherd,rebeccajshepherd@live.co.uk
Marie,Thurrold,marieo2thurrold@gmail.com
Adeline,St John,adeline@mediabites.co.uk
Sian,Ediss,edisssian@gmail.com
Kreveen,V,kreveen@gmail.com
Megan,Fenn,megan.amanda.fenn@hotmail.co.uk
Emma,Craven,emma.craven@rzgroup.co.uk
Adam,Miller,adamhm3@gmail.com
Gemma Lennon,1st Class BA (Hons) Business/Marketing,G.Lennon18@hotmail.co.uk
Jessica,Porter,porter@live.co.uk
Katie,Wood,katie.wood@esynergy-solutions.co.uk
Laura,Brown,laurajayne26@hotmail.co.uk
Jordan,Rudge,JordannRudge@hotmail.co.uk
Kathryn,Sanger,kathrynsanger@live.co.uk
Josh,Brown,josh@joshbrown.me
John,Gray,john.gray@fridaymediagroup.com
Clare,Graham,clare.graham15@gmail.com
Georgia,Tims,georgiatims24@gmail.com
Karen,Mumford,kmumford@hotmail.co.uk
Sarah,Crossley,sarah@farmcreative.co.uk
Charlotte,Bruce,charlottelbruce@hotmail.co.uk
Shane,Traylen,shanetraylen@gmail.com
Laura,Wrightson,laurajwrightson94@gmail.com
Georgina,Shepherd,gshepherd1@uclan.ac.uk
Marilyn,Ashcroft,marilynashcroft23@gmail.com
Sarah,Jones,sarahjones.1993@hotmail.com
Lacey,Houghton,laceyhoughton@hotmail.co.uk
Katie,Campbell,katiescampbell@yahoo.co.uk
Nicole F,Martins,nicolemartins76@hotmail.com
Aly,Shah,shahaly91@yahoo.com
Laura,Mitchell-Hall,Laura.mitchell-hall@leighton.com
Kimberly,Melotte,kimberly.melotte@hotmail.com
Becky,Birch,hello@beckybirch.co.uk
Emma,Garratt,emma@theminimesandme.com
Scarlet Victoria,Paige Anderson,scarlet.vpa@gmail.com
Fiona,Fincher,Finchercmf@aol.com
Stephen,Chen,stephencyb1688@gmail.com
Samantha,Chapman,sammi.chapman@hotmail.co.uk
Naomi,Bolt,naomibolt33@googlemail.com
Johnelie,Haddad,johnelie_haddad@hotmail.com
Selina,Shuttleworth,selinashuttleworth@gmail.com
Lauren,Quinn,laurenquinn9@hotmail.co.uk
Jane,Colbeck,Colbeck.Jane@gmail.com
Katie,Willoughby,klwilloughby@live.com
Reece,Mallett,reecemal92@gmail.com
Barnaby,Hussey-Yeo,bh13731@my.bristol.ac.uk
Hannah,Ashraf,hannah_ashraf92@hotmail.com
Sophie,Davies,sophiedavies33@icloud.com
Chloe,Hargreaves,cluck_6@hotmail.co.uk
David,Ross,david@dreamdigitalmarketing.com
Shaun,Osborne,shaun.osborne@halton.gov.uk
Samantha Louise,Sowerby,ssowerby@uclan.ac.uk
Antony,Moule,a_moule@hotmail.com
Natalie,Horne,natalie.horne@yoma.co.uk
Carl,Poxon,carl@poxon.co.uk
Dawn,Jones,dawneljones@gmail.com
Phil,Timms,p.timms1@hotmail.co.uk
Ryan,Guthrie,ryan.guthrie@sjpp.co.uk
Andrew,Zvoma,azvoma@gmail.com
Emily,Forrest,emily_forrest91@hotmail.co.uk
Rebecca,Oliver,rebecca_oliver@live.com
Maxine,Slaney,maxineslaney@live.co.uk
Hannah,Ashworth,hannah_ashworth@outlook.com
Alyx,Nutting,alyxnutting@gmail.com
Jenny,Platt,jenny.platt@flexcrete.com
Jessica,Goldman,itsjess@hotmail.co.uk
Jessica,Osborne,jessica-osborne1@hotmail.co.uk
Scott,Saunders,info@payroll-supermarket.com
Ben,Lennon,benlennon7@hotmail.co.uk
Hannah,Pennell,Hjpennell@hotmail.co.uk
Charlotte,Atherton,charlotte@inleaf.co.uk
Rebecca,Parker,rebeccaparker95@hotmail.co.uk
Laura,Cripps,lorrawrr@live.co.uk
Holly,Sutton,abranchofholly@gmail.com
Sophie,Morbey,sophiemorbey@gmail.com
Patrina Sarah,Nolan,patrinanolan@gmail.com
Georgia,Reed,georgiareed19@hotmail.com
Peter,Griffith-Jones,peter.griffith.jones@gmail.com
Rebecca,Cannell,rebecca@eliteassociates.co.uk
Gemma,Rose,itsgem@live.co.uk
Sophie,Brown,sasbrow@hotmail.co.uk
Alex,Youngman,alexjames.youngman@gmail.com
David,Guy,dguy75@hotmail.co.uk
Fabeha,Malik,fabeha_malik@yahoo.com
Katie,Bolam,katie_bolam@icloud.com
Elisabeth,Stief,elisabeth.stief@live.de
Bai,Kongling,balconybai@gmail.com
Bradley,Hall,bradleyhall96@live.co.uk
Ella,Stearn,ellastearn@hotmail.com
Sam,Brand,samb@energizerec.com
Zoey,Wilson,zoey.wilson@live.co.uk
Alexander,Cutler,alexanderjscutler@gmail.com
Emma,Twyford,emma.twyford2@tesco.net
Aaron,Dupre,aaron_dupre@hotmail.co.uk
Hope,Owen,hopeowenx@hotmail.co.uk
Maria,Coates,maria@iqeol.com
Joseph,McDonald,jmcdonald@redpencilproductions.co.uk
Louise,Brown,louisebrown54321@gmail.com
Amy Rebecca,Cutler,amycutler86@msn.com
Dan,Hancock,danny_hancock.99@hotmail.co.uk
Martika,Mingins,martika@fatmedia.co.uk
Glenn,Baker,glennbakerdigital@gmail.com
Georgia,Bradbury,georgiambradbury@hotmail.co.uk
Gemma,Holloway,gemma.holloway@fatmedia.co.uk
Kay,Fitzmaurice,kay.fitzmaurice@gmail.com
Dilruk,Wijesinghe,dilrukwijesinghe@ymail.com
Victoria,Tomlinson,vicky_doherty@hotmail.com
Anna,Mickiewicz,anmickiewicz@gmail.com
Daniel,Moore,daniel.paul.moore@gmail.com
STELLA,PULAJ PhD.,stellapulaj@gmail.com
Rebecca,Bryan,rebecca.bryan@majorplayers.co.uk
Joshua,Marshall,jgmarshall95@gmail.com
Joanne,Horobin,joanneh79@hotmail.com
Adam,Ward,adamward178@gmail.com
Emma,Dyer,emma_dyer91@yahoo.co.uk
Alex,Taylor,alex@create8.co.uk
Rosie,Ames,rosieames@hotmail.co.uk
Sarah,Pearce,spearce91@hotmail.com
Sean,Moore,seanmoore501@gmail.com
Laura,Austin,laura.austin25@gmail.com
Tracy,Schumacher-Kanno,BavarianPrincessHelga@Yahoo.com
Megan,Wright,egg_meg@hotmail.com
Naomi,Couper,naomi@giraffesocialmedia.co.uk
David,Twigg,dptwigg@gmail.com
Charlotte,Pizer,charl.pizer@hotmail.co.uk
Laura,Hillhouse,laurahillhouse@socialmediasearch.co.uk
Chris,Crawford,chriscrawford58@icloud.com
Mathew,Court,mathewcourt@live.co.uk
Zara,Bennett,zaralouiseb@hotmail.co.uk
Rebecca,Drury,rebecca.drury@ark.co.uk
Lisa,Rudd,lisarudd87@hotmail.co.uk
Shannon,Beazeley,shannonalice_x@hotmail.co.uk
Alexander,Topalov,aatopalov@gmail.com
Emma,McCormack,emma.mccormack81@googlemail.com
Kimberley,Jackson,kim.jackson@hotmail.co.uk
Wesley,Cubbage,wezcubbage@hotmail.com
Colin,Braithwaite,colinbraithwaite88@yahoo.com
Luke,Tuckey,lukecraigtuckey@hotmail.co.uk
Katie,Raby,katie@ontheshortlist.co.uk
Amy,Williamson,amyw1994@yahoo.co.uk
Tom,Byrne,tom@favouritepeople.com
Jessica,Timms,jess_timms@msn.com
Nadia,Rumyantseva,nrumyantseva@uclan.ac.uk
Harry,Rodell,rodellh@msn.com
Chloe,Webster,chloewebster22@hotmail.co.uk
Dominic,Maughan,dominicmaughan@hotmail.co.uk
Aimee,Knight,aimee.knight@hotmail.co.uk
Katey,Poutch,katey.poutch@hotmail.co.uk
Dean,Burrows,deanburrows1994@hotmail.co.uk
Jon,Crook,joncrook@hotmail.com
NÑra,Farkas,farkas_nora93@yahoo.com
Laura,Perry,lnperry88@gmail.com
Katrina,Wilton,katrinawilton@hotmail.co.uk
Pijush Kumar,Saha,pijushmbstu@gmail.com
Nicole,Smith,nicole.smith11958@hotmail.co.uk
Rachael,Morse,rachael.morse@mblsolutions.co.uk
Jonny,Dee,j.d_67@hotmail.co.uk
Phillip,Hunt,phillip.hunt16@gmail.com
Rachel,Langdon,rachellangdon3@gmail.com
Emma Louise,Ryan,emma_ryan0980@msn.com
Sarah,Kelly,hello@sarahbkelly.co.uk
Victor,Rogers,vbkrogers@yahoo.com
Becca,Honeybill,becca@softsurfaces.co.uk
Kate,Hughes,ke-hughes@hotmail.com
Kelsey,Reay,kelseyemmareay@gmail.com
Shannon,Tran,shannont94@hotmail.com
Helen,Longley,helen.longley89@gmail.com
Muaawiyah,Batan,bmuaawiyah@yahoo.com
Megan,Farrow,mlfarrow93@gmail.com
Emma,Patten,em_patten@hotmail.co.uk
Olivia,Lawson,livvyhlawson@hotmail.co.uk
Shannon,May,shannonaimeemay@gmail.com
Lucy,Robson,lucy.robson@profoundservices.com
William,Deamer,william.deamer@hotmail.com
Natasha,McEvilly,tashamcev@hotmail.co.uk
Thomas,Day,tomday95@yahoo.co.uk
Francesca,Fillingham,Francescafillingham18@hotmail.co.uk
Adelle,Wilson,adelejanewilson93@hotmail.co.uk
Leah,Bradburn,leah_bradburn@hotmail.com
Jake,Collins,bt1101@hotmail.com
Rebecca,Dickson,rebeccadickson1991@gmail.com
Chichi,Ogwe,occ211@gmail.com
Sarah,Howarth,sarah-howarth@live.co.uk
Leanne,McDonagh,leannemcdonagh89@outlook.com
Deena,Karia,deenakaria@hotmail.co.uk
Samantha,Taylor,samantha.l.taylor4@hotmail.co.uk
Georgina,Newby,gina_newby@hotmail.co.uk
Poppy,Ingham,poppysherratt@hotmail.co.uk
Lewis,Ellis,lewis.ellis.32@hotmail.com
Matt,Brooks,mtrbrooks@gmail.com
Tyrone,C.,tyron.orpilla@yahoo.com
Tom,Bethell,bethell51@gmail.com
Rory,Curran,rorycurran7@hotmail.com
Nathalie,Camp,nathalievcamp@hotmail.co.uk
Deepika,sain,deepikasain61@gmail.com
Kelly,Forshaw,kelly.forshaw83@gmail.com
Francesca,Atkins,franatkins@hotmail.co.uk
Tony,Moran,tony.moran171@gmail.com
Jennie,Kap,juhi.syscomm@gmail.com
Grace,Larkin,gracelarkin-xx@hotmail.com
Theresa,Edwards,theresa.tutor@yahoo.co.uk
James,Rogers,james.a.rogers@hotmail.co.uk
Amy,Timmins,amytimmins1@gmail.com
stefanie,kardakari,stefaniekardakari@hotmail.com
James,Mercer,james_mercer1993@hotmail.co.uk
Charlotte,Ellis,bcharlotte.ellis@gmail.com
Elliot,Littler,elliotlittler.1995@hotmail.com
Liam,Hughes,hughez@live.co.uk
Adam,Roy,adamroy1@gmail.com
Catherine,Tierney,cat-tierney92@hotmail.co.uk
Stacey,Neal,stacey_neal@outlook.com
Ella,Clarke,ella.clarke@nexuspoint.co.uk
Owen,McMahon,me@omcmahonmedia.com
Charlotte,Lamb,clamb@networkmarketingjobs.com
Thomas,Roberts,thomasroberts89@googlemail.com
Samantha,Kelly,samanthajoankelly@gmail.com
Kris,Kretovs,kristofers_k@hotmail.com
Nicole,Whiteside,XxnicolexX12@hotmail.co.uk
Aaron,Murphy,aaron.murphy@reed.co.uk
Daniel,Dunton,daniel.dunton@itssrecruitment.co.uk
Samantha,Bowers,samantha.bowers@advantageresourcing.com
Sarah,Dutton,sarah.dutts@hotmail.com
Gemma,Stopford,g.lstopford01@gmail.com
Jamie,Spencer,jamiespencer0808@gmail.com
shimuly,khatun,shimu.ecno@gmail.com
Lee,Woodward,leewoodward1988@hotmail.co.uk
Alexander,Hill,alexhilladh@gmail.com
Olly,Bentley,olly_bentley_22@hotmail.com
Karolina,Patryk,karolinapatrykcom@gmail.com
Miq,Moham,social@indiameal.com
Brian,VENTH,Brian@VENTH.co
Daisy,Vollans,daisyvollans@hotmail.com
AnniÔ,Bhagat,anika-bhagat@live.com
Rebecca,Dunn,becky_934@hotmail.co.uk
Martin,Rose,roseenergyconsultants@mail.com
Emma,Windle,emma.l.windle@gmail.com
Callum,Stevens,callum.stevens91@googlemail.com
Jennifer,Cavey,jennycavey@hotmail.com
ADAM,LORD,adamlord2008@live.co.uk
Danny,Hudson,danny_h103@hotmail.com
Ellie,Frid,elliefrid@outlook.com
Nicola,Maguire,nicolafmaguire@gmail.com
Lois,Gooding,lois.gooding.10@aberdeen.ac.uk
Alessia,dong,15889773367@163.com
Jack,Daltrey,JackDaltrey@hotmail.com
Frankie,Goodman,measuredigital@gmail.com
Demi,Mottram,demimottram@yahoo.co.uk
Lucy,Farrer,lucyvictoriafarrer@gmail.com
Samuel,Powell,sammylpowell@me.com
Roxy,Barrass,roxybarrass@hotmail.co.uk
Bex,Ward,rebecca-wardbeauty@live.co.uk
Sophie,Pye,sophie@burnssheehan.co.uk
Star,Lawrence,starlawrences@gmail.com
Gill,Link,gilllink@live.co.uk
Jade,Morrison,jademorrison@live.co.uk
Colette,Manion,colette.manion@oscar-associates.com
Rebecca,Nuth,rnuth@bms-uk.com
Joanne,Baker,jo_baker@spring.com
Danielle,Morton,daniellemorton7@gmail.com
Samantha,Weatherburn,weatherburnsamantha@gmail.com
Emma,Farrow,emma268@gmail.com
Rachel Catherine,Marie,rachel-marie96@hotmail.co.uk
Hannah,Jackson,hannahjackson46@hotmail.com
Thomas,Marriott,hashtaghub@gmail.com
Karl,Sykes-Tobin,ksykest@gmail.com
Nathan,Sheehan,nsheehan63@yahoo.com
Jonathan,Sweet,jlsweet87@gmail.com
Amy,Dodsworth,amy-d-music-fan@hotmail.co.uk
Sam,O'Hara,sam0hara@yahoo.co.uk
Hannah,Cameron,hannah.cameron@live.com
Hannah,Wright,hannahlouisewright1@gmail.com
Jamie,Mattocks,jmattocks92@gmail.com
Rebecca,Billington,becbill@hotmail.com
Peter,Ventre,peterventre@yahoo.co.uk
Helen,Joynson,joynson.helen@gmail.com
Joe,Cooper,joecooper2794@live.co.uk
Abi,Swift,abigail.swift@talktalk.net
Hannah-Kate,Davies,hkdavies1@btinternet.com
Kristian,Mansfield,kristian.mansfield@catalent.com
Jaime,Richardson,jaime.richardson@porridgetelecom.co.uk
Rebecca,Beale,rebeccabeale89@gmail.com
Cally,Strutt,callystrutt@hotmail.com
Gemma,Coulthard,gemmacoul94@live.co.uk
Ravi,Sharma,sunnysharma1294@gmail.com
Adele,Bulman,adelebulman@hotmail.com
Emma,Hampshire,emmsie016@gmail.com
Lexi,Webb,lexiwebb8@gmail.com
Dhali,Tex,dhalitex@gmail.com
Lee,Doherty,leejd1@hotmail.co.uk
Sophie,Moriarty,sophie@bowlerhat.co.uk
Sallie,Johnson,sallieleanne13@gmail.com
Kaiser,Khan,mrkaiserkhan@gmail.com
Beth,Harcourt,bethany-jane-harcourt@hotmail.co.uk
Jen,Presnail,jpresnail92@outlook.com
Abby,Russell,abby_russell@hotmail.co.uk
Kalisse,Deasy,kalissedeasy@applied-perfection.com
Ollie,Whitfield,olliewhitfield96@gmail.com
Franklin,Charles?,franklin@adi-group.com
Matt,Robertson,mattrobertson9@googlemail.com
Emma,Lloyd,emmalloyd@redsevenuk.com
Baktear,Hossen,boktear.518@gmail.com
Jayachandran,Sundaramurthy,jayaegm@gmail.com
Hannah,Eastham,he@businessfirst.co.uk
Lee,Adams,lt.adams@virginmedia.com
Carly,Baggaley,carly.bagg@yahoo.co.uk
Kiran,Rall,Kiran@hiddenfashion.com
Lena,Harris,Lena19852@outlook.com
Stacey,Patten,stacey.pattern@ao.com
Lauren,Evans,lauren-nadine@hotmail.co.uk
David,Massey,adspost@ads-global.co.uk
Emily,Smith,erosesx@gmail.com
Charlotte,Mayne,charlottemayne500@gmail.com
Stuart,Lesser,stuartalesser@gmail.com
Jennifer,Ramsay,J.Ramsay@huxley.com
Chelsea,Steel,cjsteel94@sky.com
Andrew,Dolan,info@profixltd.co.uk
Rebecca,Dixon,rebecca@halohr.co.uk
Anthony,Halliday,anthony.halliday@outlook.com
Darren,Stoker,darren.stoker@sjp.co.uk
Md.Rashedul,Islam,rasa.bpharm@gmail.com
Benerice,Bondjanga,shortee_benerice@hotmail.co.uk
SOHAIL,PATEL,sohailpatel1881@gmail.com
PUSHPA,SAINI,pushpasaini1603@gmail.com
Lewis,Little,lewi_little@hotmail.co.uk
Scott,Beaman,scottbeaman@hotmail.co.uk
Daniela,Nastase,daniela.nastase10@gmail.com
Tessa,Pillar,tessa@jobfruit.co.uk
Sam,Gardner,sam_gardner92@icloud.com
Jemma,Lynch,dreamsofnewyork@yahoo.co.uk
Kate,Naylor,kate.h.naylor@gmail.com
Moly,Atkinsan,molyatkinsan@gmail.com
Genevieve,Lazar,genevieverlazar@gmail.com
Rebecca,Farley,rebeccafarley@live.com
Matt,Ward,matthew._ward@hotmail.co.uk
Ross,Duncan,rossduncan1124@live.co.uk
Lucy,Ross,lucysross@hotmail.com
Sean,Midtsaeter,midtsaeter@hotmail.co.uk
Naomi,Longstaff,naomilongstaff06@gmail.com
Matt,Bainbridge,mbainbridges@gmail.com
Jimmy,Layng,james.layng@phmg.com
Joshua,Dewstow,josh@kindglobaltech.com
Milly,Flanagan,mf@theapprenticeacademy.co.uk
Natasha,Case,tashacase2005@hotmail.co.uk
Sam,Johnston,samjohnston95@hotmail.com
Eleanor,Hardie,eleanorh@redkitewaste.co.uk
Paresh,Nai,pareshnai410@gmail.com
Hina,Khan,hina.techindiasoftware@gmail.com
Natasha,Mughal,natashamughal@hotmail.com
Conor,Carr,carr_conor@yahoo.co.uk
Adam,Clark,idclarky@gmail.com
Rose Katie,Shepherd,katie.shepherd@mail.bcu.ac.uk
Stephanie Katie,Hardman,stephnulstaffs@gmail.com
Visar,Osmani,visarosmani441@hotmail.com
Chloe,O'Connor,chloeoconnor2@gmail.com
Claire,Eason,claireeason@betterplaced.com
Abigail,Eardley,abigaileardley@gmail.com
Reg,Wantling,regwantling@outlook.com
Jake,Bird,jakedylanbird@hotmail.co.uk
Tereza Louise,Kirwan,tereza_690@hotmail.com
Megan,Neveling,meganneveling@yahoo.co.uk
Dec,Tomlinson,d.tomlinson002@gmail.com
Simon,Huthwaite,simon.huthwaite@gmail.com
Farrah,Instance,finstance@sincordia.com
Jessica,Davey,jessicaaadavey@hotmail.com
Kayleigh,Cardwell,info@kiwigraphicdesign.co.uk
Paul,Goldsmith,paulgoldsmith88@gmail.com
Marcelle,Rowbotham,mr171@uni.brighton.ac.uk
Tina,V,tina@asmrecruitment.com
Lauren,Golton,lauren@e3creative.co.uk
Jade,Brookes,jade@brookescontractors.co.uk
Harriet,Smith,harriet.emilysmith@gmail.com
Hilary,Kaphuka,h.kaphuka@gmail.com
Madeleine,Stearn,madeleinestearn@outlook.com
Tony,Mitha,tony_mitha@hotmail.com
Lisa,Pomfret,lisapomfret72@gmail.com
Jared,Rhys Gifford,rhysgiffordd@gmail.com
Marnie,Buckley,marnie-buckley@hotmail.co.uk
Konstantinos,Valsamidis,kon732@gmail.com
Rosie,Hall,rosiehall_95@hotmail.co.uk
Grace,Massey,gracemassey3@gmail.com
Ken,Edwards,lynnmarch45@gmail.com
Eve,Wallace,ewallace532@hotmail.com
Gareth,O'Sullivan,garethgosullivan@gmail.com
Rhys,Owen,cymrorhys@hotmail.com
Matthew,Cunnelly,mattcunnelly@gmail.com
Emily,Johnston,emilyjohns1997@hotmail.co.uk
Lee,Stevens,ld.stevens@outlook.com
Scarlett,Gaskell,scarlettgee@live.co.uk
Gabbie,Newson,gabbie_newson@yahoo.com
Becki,Ollerton,becki@creativeresource.co.uk
James,Loft,Loft147@hotmail.co.uk
Lauren,Adams,lauren.adams@sky.com
Kiran,Sidhu,kpsiidhu@gmail.com
Morgane,Pavier,morganepavier@gmail.com
Melvina,Duka,dukamelvina@gmail.com
aryan,oberoi,oaryan13@yahoo.com
Alia,Khan,cs09ak@gmail.com
Josef,Allott,josef@thehappyoffice.co.uk
Steven,Milner,steven@bloggingcommunity.net
Sophie Louise,Dixon,sophie.dixon@northumbria.nhs.uk
Kayleigh,Langwieser,kl@tfli.co.uk
Laura,Dolan,l_j_d_100@hotmail.com
Jacob,Dilworth-Johnson,jdilworthjohnson@gmail.com
Lara,Hardwick,lara.hardwick@hotmail.co.uk
Jacob,Whitmore,contact@jacobwhitmore.com
Alejandra,Loughlin-Garcia,alejandra_garcia@hotmail.co.uk
Vicki,Ashton,vickixashton@hotmail.co.uk
Aakash,Soni,akashsoni0991@gmail.com
Lauren,Jones,laurenjones.as@gmail.com
VIDA,Biz Solutions,vidateam182014@gmail.com
Stephanie,Molyneux,steph.molyy@hotmail.co.uk
Harry,Thandi,hthandi@ardenresourcing.com
Jessica,Hutchinson,jessica-frances@live.com
Keeren,Brooker,k.brooker87@outlook.com
Connor,Farrell,connor.farrell@rightcareers.org
Reiss,Collins,reisscollins@gmail.com
Amanda,McPheely,amanda.mcpheely@finlayjames.co.uk
Xavier J,Kelly,xavierkelly72@gmail.com
Fahima,Miah,fahima.miah@kwsltd.co.uk
Claire,Humphreys,claireh20.91@gmail.com
Leanne,Challinor,leannechallinor@hotmail.co.uk
Elle,Burns,xelleburnsx@live.co.uk
Absolute Recruitment,Solutions,katie@absoluterecruitmentsolutions.co.uk
Sobia,Ahmed,sobea_ahmed@hotmail.com
Jenna,Allen,jallen21@hotmail.co.uk
Lisa,Winder,lisa.winder123@gmail.com
Canada,Berryman,candyberrymn@hotmail.co.uk
Adam,Rollinson,adamleerollinson@gmail.com
Max,Heppleston,max.heppleston95@gmail.com
Alexandra,Key,alexfkey@gmail.com
Kate,Smith,kate@arrow-recruitment.co.uk
Eric,Mela,ericmela@mail.ru
Thomas,Roberts,celeissl@gmail.com
Amy,Redfearn,amy@paragonpe.co.uk
Lizzie,Elmslie,lizzelmsliexx@gmail.com
Josh,Faulkner,joshfaulkner0@gmail.com
Dean,Montandon,d.montandon@btinternet.com
Imogen,Mitten,imogenmitten@gmail.com
Eleisha,Cartlidge,eleisha.cartlidge@gmail.com
Raj,Basi,raj_basi@live.co.uk
Sohail,Nawaz,saffnawaz786@outlook.com
Harriet,Phelan,hartphelan@gmail.com
Scott,Harker,scott_harker@hotmail.co.uk
Chloe,Wates,cwates@acieu.net
Callum,Edwards,callum@red-marketing.co.uk
Cieron,Bradbury,Cieronbradbury@hotmail.co.uk
David,Tickle,david.tickle87@outlook.com
Bethan,Osborn,bethanosborn1998@gmail.com
Emily,Cocker,emily.cocker93@gmail.com
Aamir,Siddiqui,hurdlefacer@gmail.com
Kiera,Burton,kieraashleighbroderick@gmail.com
Jamie,Harper,jamie.harper@tsup.co.uk
Chloe,Brown,chloebrownbread@hotmail.co.uk
Jennifer,Merenyi,Jennifer.Merenyi@outlook.com
Maddy,Grey,maddygrey54@hotmail.com
Ryan,Sahota,ryan.sahota@yahoo.co.uk
Yusuf,Kalang,y97@hotmail.co.uk
Dan,Brett,dan_brett_1986@hotmail.co.uk
Chris,Mitchell,mitchell768@hotmail.com
Emma,Wootten,emmawootten@gmail.com
Ruhul,Amin,ruhul.amd@gmail.com
Harry,Blagun,harry665@hotmail.com
Taylor,Thackray,taylor.thackray@gmail.com
Alex,Smith,alex.smith@gurucareers.com
Nicola,Rawlinson,nicola.rawlinson@argos.co.uk
Emily,Ware,emily.ware96@gmail.com
Keiran,Pope,keiran@201digital.co.uk
Bethany,Young,bethany-young@hotmail.co.uk
Elizabeth,Fieldsend,efieldsend@uclan.ac.uk
Moss,Clement,keryclem@gmail.com
Anna,Kedwin,718486362@qq.com
Sarah,Smith,sarahcouponscode@gmail.com
Aimee,Speed,aimspeed@hotmail.co.uk
Kiara,Altman Mixon,kiaraaltman4910@gmail.com
Rebecca,Routledge,swrkra@hotmail.co.uk
Stacey,Wroe,wroe_s@outlook.com
Omar,Nawaz,o_gti@hotmail.com
Laura,Coote,lecoote@gmail.com
Mark,Neath,mark@textlocal.com
Shaun,Hearty,Shaun.Hearty@barclays.com
Joe,Gallagher,joegallagher2@hotmail.co.uk
Nicole Elizabeth,Barron,nicole.barron@thecitysecret.com
Ellen,Cunliffe,Ellencunliffe@hotmail.co.uk
Amy,Leach,amyleach97@googlemail.com
Hannah,Boak,hboak@hotmail.co.uk
Beth,Rycroft,beth.rycroft@virginmedia.com
Victoria,Davis,davisvictoria@hotmail.co.uk
Emma,Walton,emma.walton32@gmail.com
Scott,Corrin,scott@venturepolymers.co.uk
Bonnie,Robinson,bonniekrobinson@yahoo.co.uk
Gonzalo,Fuertes Espino,gonzalofuertes@hotmail.es
Jodie,Hill,graceellahill@hotmail.co.uk
Nasrin,Sultana,nasrinpsultana@gmail.com
Tamsin,Graham,tamsingraham@hotmail.co.uk
Scott,Pointon,scottpointon@outlook.com
Thomas,Guidery,thomasguidery@gmail.com
Liam,Bond,liam.bond@theladbible.com
Lois,Bell,lois.bell1@hotmail.co.uk
Natalie,Nolan,n.l.nolan@live.co.uk
James,Hunter,jdbrhunter@gmail.com
Sophie,Burrows,sjb_1@hotmail.co.uk
Marco,Geraghty,marcoag@hotmail.co.uk
Jade,Callaghan,jade@douglas-scott.co.uk
Peter,O'Keefe,peterokeefe64@gmail.com
Isobel,Moore,07moorei@gmail.com
Dominic,Riley,imrioter@hotmail.co.uk
Jen,Addis,jenniferaddis@hotmail.co.uk
Hannah,Robinson,h.rob@live.com
Danny,Sherne,danny_sherne@hotmail.com
Shannon,Roberts,cormit46777@yahoo.com
Isabelle,Larsson,Isabelle@advertise-a-job.com
Emma Jane,Lees,emmalees1@live.co.uk
Samantha,Wall,samanthawall14@hotmail.com
Asim,Raza,jefftex2@gmail.com
Alex,Baker,Alex.Baker@Kerrangradio.co.uk
Alexander,Miller,alexander.m@travod.com
Singleton Day,Solicitors,enquiries@kamaevents.co.uk
Arz,Supertram,appressers@gmail.com
Emma,Swan,emma.swan@hotmail.co.uk
Hollie,Green,holliegreen97@googlemail.com
Ryan,Phillips,ryanphillips1993@gmail.com
Sarah,Lawrence,info@nwbusinessadvertiser.co.uk
Daniel,Libertin,daniel.libertin@gmail.com
Amy,Cannon,amyjanecannon96@gmail.com
Jason,McLemon BA (Hons),info@timbertreeservices.co.uk
Aimee leigh,Lewis,allewis999@hotmail.co.uk
Ben,Whitehead,ben@whiteheadrecruitment.com
Farhang,Hamakurshid,farhangsmithy@hotmail.com
Alanay,Sir,alanay1993@hotmail.com
Evie,Kelly,evie15kelly@gmail.com
Inait Ullah,(Digital Marketing Strategist),inait.ullah@yahoo.com
Elisa,Bragaglia,bragagliae@gmail.com
Dan,McManus,D@nMcManus.com
Michael,Paine,mikepain7@hotmail.co.uk
Chloe,Harris,chloe@saucyhorse.co.uk
Jake,Moore,jake.moore@msl.co.uk
Luke,Tiernan,tiernanluke@hotmail.com
Sneh,Rawat,snehrawat01@gmail.com
Hannah J,Dixon,hjd515@york.ac.uk
Emma-Louise,Armstrong,el.armstrong@outlook.com
Adam,Miller,adam@forwardrolerecruitment.com
Kamron,Qureshi,kamron@templefinance.co.uk
Jordan,Geraghty,jordan_geraghty@ymail.com
Georgia,Goodman,georgia.goodman@impression.co.uk
Gabrielle,Ball,gabrielleball@hotmail.co.uk
Abby,Neal,abby@wildshark.co.uk
Alice,Fairweather,alice-f@live.co.uk
Daryl,Moss,darylmoss@freddiesfruitlager.co.uk
Chloe,Haworth,Chloe@directprint24.co.uk
Phoebe,Chesterman,phoebe_eeyore_angel@hotmail.co.uk
Riccardo,Borgia,rickiborgia@gmail.com
Clare,Whitehurst,clarewhitehurst93@gmail.com
Liz,Hames BA hons ALAM,lizzilou2002@hotmail.com
Alice,Russell,alice_russell95@hotmail.co.uk
Suzanne,Morrod,suzanne@hatchcreations.co.uk
Katherine,Higgins,Katherine.Higgins@blackpool.ac.uk
Carole,Hughes,carole.hughes26@gmail.com
chris,player,chrisplayer92@gmail.com
Ellie,Bridgwood,Ellie.bridgwood@stratstone.com
Esmail,Dad,esmaildad10@gmail.com
Stuart,Robinson,stuart@johnsonstoffees.com
Joleah,Whittle,joleahwhittle@hotmail.com
Natasha,Morrish,tasha.morrish@hotmail.co.uk
Pedro,Ribeiro,pedronribeiro24@gmail.com
Hollie,Samociuk,hollie.samociuk@newchapter.co.uk
Vijay,Thakor,vijaythakornew@gmail.com
Chloe,Bullard,chloebullard@hotmail.co.uk
Simone,Taylor,simone.taylor1985@hotmail.com
Buzz,Carter,b.carter@absolutedigitalmedia.com
Josh,Colarossi,colarossijosh@gmail.com
Terrence,Faruk Creative professional,terrencefaruk@hotmail.com
Dominic,Ogden,thatguydom96@hotmail.com
James,Lucas,james.lucas22@googlemail.com
Simon,Smith,sesmith01@gmail.com
Samantha,Sharples,sammy@fastworld.co.uk
James,Christian,jchristian410@gmail.com
Tamara,Becerra Fernàndez,tamybf89@gmail.com
Liam,Tandy,liamtandy6@gmail.com
Alex,Nikchehi,anikchehi@acquisio.com
Alex,Fletcher,fletch6619@googlemail.com
Harry,Cregeen,hcregeen@gmail.com
James,McManus,jamesmcmanus95@live.co.uk
Hassan,Mansoor,mansoor2080@hotmail.com
Grace,Dyke,hello@yellowjigsaw.co.uk
Jodie,Cruttenden,jocrut@aol.com
Abigayle,Libberton,abigaylelibberton@gmail.com
Joanne,Sutton,jsutton1911@gmail.com
Kevin,Hunt,kevin@lawrencehunt.co.uk
Rona,Kishon,ronakishon@gmail.com
Paige,Swandale,p.swandale@gmail.com
Sam,Lewis,sam_lewis4@hotmail.com
Jane,Baldwin,janebaldwin42@gmail.com
yasmeen,mohammed,yasmeen.mohammed@addpeople.co.uk
Darrell,Kennett,kennettcreative@icloud.com
Abi,Street,abistreet@live.co.uk
Thomas,Chapman,tomchappers1996@gmail.com
Tom,Wiggans,tom_wiggans@yahoo.co.uk
Oliver,Hodson,oliver.hodson@themediacollege.co.uk
Samanah,Duran,samanah@criticsclothing.com
Stephanie,Brown,stephaniehb1990@gmail.com
Jared,Clapham,jared_clapham@hotmail.co.uk
RDF,Group Jobs,contactenq@rdfgroup.com
Krystal,Forster-George,krystal80@hotmail.co.uk
R,Ahammed,ceo@aaroza.com
Bea,Rains,bearainswc@gmail.com
Lucy,Barnes,lucy@icebergsupport.co.uk
Daniel,Fearon,danielf@morganturner.co.uk
Suzzanne,Carol,suzzannecarol@gmail.com
Iqnacy,Shprynger,ttrabinski@mail.ru
Brittany,Kennan,brittanykennan@hotmail.co.uk
Qhais,Khairkhwah,qhaisk1@gmail.com
Josephine,Bardsley,b4004366@my.shu.ac.uk
Alex,Power,apower@technet-it.co.uk
Georgina Rose,Willoughby,georginarosewilloughby@gmail.com
Kateryna,Fomina,fazan73@gmail.com
Edward,Sheehan,edward.sheehan@feefo.com
david,yates,davidyates967@yahoo.co.uk
Sumanta,Chatterjee,sumantasworld@gmail.com
Christopher,Ogle,chrisogle19@googlemail.com
Danielle,Walker,danielle.a.w@hotmail.co.uk
Lucy,Lomas,laura@orchard.co.uk
Neil,Aldred,neil.aldred@hotmail.co.uk
Victoria,Hosler,vimrie27@hotmail.co.uk
Michael,Walkington,mickwalkington@hotmail.com
Sam,Thurlow,samthurlow@hotmail.co.uk
Simon,Twitchett,simon.twitchett@gingernutmedia.com
George,Richardson,gfrichardson@hotmail.co.uk
Russell,Jameson,russss1976@msn.com
David,Howarth,david@orchard.co.uk
Jake,Clemmence,mrclemmence@gmail.com
Paul,Tomlinson,paul.tomlinson@txtlocal.com
Justine,Shaw,justine@civvo.com
Matt,Skelcher,studio.90secondexplainervideos@gmail.com
Ben,Neeamuthkhan,ben@fwdthinkingrecruitment.co.uk
Banti,Bhargava,banti143wah@gmail.com
Justin,Smith,travangouk@gmail.com
Elle,Angol,ellerennae98@gmail.com
Lucie,Hood,lucie.hood@senitor.com
Alexander,Lloyd,alexanderlloyd1994@gmail.com
Helly,London,hellylondon@outlook.com
Savannah,Gonzales,savannahgonzales257@gmail.com
James,van der Wolfe,jamesvanderwolfe@gmail.com
Meg,Roberts,meg.jr@hotmail.com
Angela,Sinclair,a.sinclair@preston.gov.uk
Emily,Partington,emily.louise96@hotmail.co.uk
Gemma,Youll,gemma.youll@visualsoft.co.uk
Jim,Darke,jim@dapa.agency
Kayleigh,Green,kayleighgreen.evp@gmail.com
Avi,Steinberg,avis@alexjamesresourcing.co.uk
Harley Jo,Wright,harleyjo_x@hotmail.co.uk
Paige,Calvert,paige_joanna_calvert@live.co.uk
Jonathon,Hague,jonathonphague@gmail.com
Daxesh,Patel,daxeshpate941@gmail.com
Callum,Benton,bentonc@leadforensics.com
Hayley,Roberts,hayleydance@outlook.com
Rebecca,Rush,rrush@hotmail.co.uk
Meagan,Stobart,meagan.leigh.stobart@gmail.com
Naomi,Anderson,naomi-anderson@hotmail.com
Laura,Byrnes,lauralouise.byrnes@hotmail.com
Casey,Kennedy,casey@douglas-scott.co.uk
Elisha,Wright,elisha@social-circle.co.uk
Lauren,Beales,laurenbealesss@outlook.com
Samuel,Benson,sambenson10@icloud.com
Laura,Hart,laura@22group.co.uk
Bethany,Wainwright,bethw_6@hotmail.co.uk
Kim,Rolls,kim@jftl.co.uk
George,Chadwick,chadwick.g1995@gmail.com
Brandon,Gisbourne,BGisbourne1997@gmail.com
Matt,Lawrence,matt.lawrence73@hotmail.com
Sara,Williams,saralayla@hotmail.co.uk
Drizzy,Frvncis,andre_f@hotmail.co.uk
Hannah,Darvas,hannahdarvas@hotmail.com
Reyana,Hind,reyanahind@hotmail.co.uk
Zoe,Astin,zoe_astin26@hotmail.com
Ramy,Mattar,ramy.matar@gmail.com
Taegan,Harper-Smith,Pandoax@hotmail.co.uk
Sophie,Crosby,sophiee.crosby@gmail.com
Michael Mun,Evans,MichaelMunEvans@hotmail.com
Ricky,Nandra,ricky_nandra@hotmail.com
Jade Jane,Russell,Jade44556@hotmail.com
David,Russell,davidrssll5@gmail.com
Chloe,Underwood,chloe@fifty-squid.com
Bethany,Kibler,bethanykibler1997@hotmail.com
Matt,Jones,matthew.jonesxm2@gmail.com
Sarah,Edge,miss.s.a.edge@outlook.com
Stefan,Price,stefan@ph-creative.com
Aimie,Merritt,aimie.merritt@trustist.com
Jessica,Graham,jessicagraham16@hotmail.com
Shamima,Begum,shamima-1996@live.co.uk
David,Reed,david@reedinteractive.com
Chris,Higgins,chrishiggins93@hotmail.co.uk
Abbie,Ferguson,abbie.ferguson@live.co.uk
Ross,Linford,ross@essentialsolution.co.uk
Sarah Jayne,Adams,sarah_adams24@msn.com
Adam,Rowe,adamrowe70@googlemail.com
Cory,Beevers,coryseolancashire@gmail.com
Lucy,Crompton,lucy@softsurfaces.co.uk
Adnan,Ali,luck_4_adnan@yahoo.com
Joe,Jarvis,joejarvis90@hotmail.co.uk
Sammy,Timmins,samantha.timmins@hays.com
Victoria,Danvers,victoria.danvers@positiveoutcomes.org.uk
Tom,R. Marshall,tom.richmondxm2@gmail.com
Waqas,Khan,skinna_@live.co.uk
James,Lawless,jimlawless85@gmail.com
Matthew,James,matthew.jonesxm1@gmail.com
Luke,Yorke,luke.yorke@rullion.co.uk
Thomas,Scott,thomas@awardsinternational.eu
Callum,Robinson,callumjackrobinson@hotmail.com
Matthew,Smith,ms@byte-resources.co.uk
Ramon,Hernandez,Ramon182013@yahoo.com
Hannah,Bridgewater,hannahbridgewater94@gmail.com
Gemma,Powell,gemma.powell97@icloud.com
Carly,Hymanson,carlyhymanson1@gmail.com
Kayleigh,McCarthy,kayleigh@essentialsolution.co.uk
Jessica,Bulman,jessica.bulman@forviva.co.uk
Melissa,McDermott,mel-05-1994@hotmail.com
Jay,Cordt,Jayconnorcordt@gmail.com
Daniel,Duffin,daniel.duffin@hotmail.co.uk
Kerrie,Plunkett,kerrie-anneplunkett@hotmail.co.uk
Robson,Pries,digitalstrategist.robson@gmail.com
Rosie,Conning,rosieconning9@googlemail.com
Harry,Taylor,harry@asaw.co.uk
Emma,Lees,e.roze@hotmail.com
David,Foucher,d.foucher@pfp.uk.com
Anya,Hoque,anyahoque@outlook.com
S.Priya,Singh,priyahr111@gmail.com
Luke,Hough,LHough@psrsolutions.co.uk
Afsana,Makkan,afsmakkan@gmail.com
Emma L.,Lees,emma_lees_9@hotmail.com
Becky,Wood,beckywood008@gmail.com
Pavankumar,Karnati,pavankumar36345@gmail.com
Michael,Murray,mamurray@outlook.com
Harry,Efstathiou,harryefstathiou@gmail.com
Boris,"Booroff, Payment System, Online Gambling",boris.booroff@gmail.com
Abbie,Garrett,Abbie.Garrett@balticrecruitment.co.uk
Indrabhushan,pratap,indrabhushan.pratap@rediffmail.com
Alamin,Ahmed,alaminahmed@hotmail.co.uk
JUSTO,MOSHI,justomoshi@gmail.com
Ruby,Wade,rwade100@icloud.com
Daryl,Hosker,daryl.hosker@fmoutsource.com
Olivia,Sanders,oliviawebon@gmail.com
Charlotte,Daubney,daubneycharlotte@googlemail.com
Abigail,Duncan,abduncan6@hotmail.co.uk
Honor,Bentley,honorbmodelling@outlook.com
Abigail,Taylor,abigail-taylor@live.com
Keerthana,R,keerthana@viksha.com
George,Clegg,george.clegg@bignall.co.uk
Adnan,Chaudhry,adnan@adnanch.com
Robert,Gorry,robertgorry144@hotmail.com
Skye,Hadley,skye.hadley@bberecruitment.co.uk
Devon,Metcalfe,devon.metcalfe@gmail.com
Business,connector,imahmud26@gmail.com
Cheryl,Young,cheryl.young@visualsoft.co.uk
Simon,Harrison,info@cheaperaccountant.co.uk
Elizabeth,Tagg,libby@yorkshirestaffingservices.co.uk
Theo,Hall,theo.hall@hotmail.co.uk
Emily,Winter,emily@mahondigital.co.uk
Veronica,Sommariva,veronica.sommariva@gmail.com
Natalie,Owens,secretbaker@outlook.com
Stu,Corner,stucorner@gmail.com
Katie,Edwards,katieedwards@3aaa.co.uk
Hannah,Ware,hannahware96@gmail.com
Sophie,Frances,sophieclogg@gmail.com
Holly,Downing,holly.downing10@icloud.com
Jordan,Constantinou,jordan@itssrecruitment.co.uk
Katie,Woodall,katielw98@icloud.com
Niall,Cafferkey,niall.t.cafferkey@gmail.com
Jack,Such,jacksuch96@googlemail.com
Terry,Harris,terryjeffereyharris@gmail.com
Dan,Jackson,D.Jackson3@salford.ac.uk
Joe,Williams,joseph.williams@daydreameducation.co.uk
Jacqueline,Wilson,jw345632@gmail.com
Emily,Robinson,emilyrobinson.nuttersons@gmail.com
Lourdes,Arenas,lourdes.gomez@prysmgroup.co.uk
Lauren,Kingsley,laurenkingsley8@hotmail.com
Abrar,Shahriar,abrar.arroza@gmail.com
Laura,Royle,Laurajroyle@gmail.com
Jack,Brown,jack@americamp.co.uk
Michelle,Luck,madluckhairdesign@hotmail.com
Benjamin,Rodrigues,benjamin@coursiers.com
Harisha,HS,sharmaarju159@gmail.com
Alexandra,Duffy,alexandra@ruleranalytics.com
Smash Web,Media,smashwebmediausa@yahoo.com
Muhammad,Shahriar,kachermanush17@gmail.com
Joseph,McLoughlin,mcloughlin.j@outlook.com
Mishra,P.,mishrapa22@gmail.com
Ginnie,Taylor,virginia_taylor@icloud.com
Nataly,Gusak,natashagusak@gmail.com
Sophie,Goulden,sophiegoulden@yahoo.co.uk
Tom,Cross,tomc45@hotmail.co.uk
Deepak,Khurana,deepakoureducation@gmail.com
Martin,Hiesboeck,hiesboeck@gmail.com
Patrick,Johnson,ancolangelo@outlook.com
Waqar,Hussain,Waqar.Hussain@positiveoutcomes.org.uk
Kemal,Deoss,kemal.deoss@gmail.com
Good Karma,Infotech,goodkarmainfotech1@gmail.com
Day,Shaw,day_89@live.co.uk
Anne,Wood,anne@elliottpackaging.co.uk
Beth,Trundle,Beth@chassamrecruitment.co.uk
Donna,Hewitson,donhewit45@outlook.com
Liam,Gallagher,hello@liamg.co.uk
Matthew,Morrish,m.morrish95@hotmail.com
Corie,Daniel,coriedaniel@gmail.com
Stephanie,Houghton,stephhoughton1@hotmail.co.uk
Sarita,Singh,saritasingh@hotmail.co.uk
Jordan,Sands,josands@rocketmail.com
Anurag,Chabba,seocontractor83@gmail.com
Masters,Printing,info@mastersprinting.co.uk
Jasmine,Goold,jasmine.goold@randstadcpe.com
Lianne,Ludlow,lianne.ludlow@yahoo.co.uk
Alice,Gaffen,alice@spritz.co
Harry,Waters,harrywaters640@hotmail.com
Jean,DeZilva,jean.outreachspecialist@gmail.com
Kamil,Frodyma,kamilfrodyma@hotmail.com
rahat,joshi,rahat.joshi@rediffmail.com
Lisa,O'Connor,loconnor@technet-it.co.uk
Bargain,Warehouse,fredbogs1965@gmail.com
Benjamin,Wild,benjaminwildart@yahoo.co.uk
Aravinda,Paladugu,aravindapaladugu@yahoo.com
James,Hackett,james_hackett-jr@hotmail.com
Samantha,Gaskell,sammygaskell@hotmail.com
Ben,Schwartz,ben@fatpandadesign.com
Wayne,Morrison,wmorrison90@gmail.com
Pooja,Agrawal,dpoojagarg@gmail.com
Sarah,Morris,sarahsarahm@hotmail.co.uk
Seksa,Sovann,sovannseksa@gmail.com
Gemma,Farrell,gemma.fareell@gmail.com
alexander,shar,sanchez.ramsey@exploreltd.com
John,Lankford,JohnLankford112@hotmail.com
Tom,Proctor,tom@phoenixreachmedia.com
Natalie,Green,n.green@centreforsurgery.com
Mario R,Demetriou,demetriou_m@hotmail.co.uk
Jack,Robinson,jack@shaboommarketing.com
Anna,Charlesworth,annacharles@me.com
Maria,Powell,maria.powell@prysmgroup.co.uk
Ashutosh,Ranade,ashutoshranade1996@gmail.com
Meg,Rimmer,mrimmer@theiegroup.com
Nicola,Wright,nicolawright2016@outlook.com
Fred,Asare,fredu.asare2009@st-pauls.me.uk
Lydia,Eccleston,lydia.eccleston@hotmail.co.uk
Luck,House Casino,fedblogs1965@gmail.com
Joe,Newman,joenew137@gmail.com
Baizid B,Diganta,sickness.down@gmail.com
Andrew,Gibson,andrew@shine-consultants.co.uk
Laura May,Dimeloe,lauramay.dimeloe@asginternational.co.uk
Michaela,Tracey - Designer,mrt@michaela.co.nz
Tom,Luke,tom.luke@econcept4u.com
AITAZAZ,HUSSAIN,aitazaz_hussain@outlook.com
Alexandra,Saxon,alexandrasaxon123@gmail.com
Rahul,Malkani,rahul.rockrealty@gmail.com
Stevie,Allen,officialtaim@gmail.com
Saba,Ansari,saba@mountnow.com
Mohammod,Ali,mohammod.ali@hotmail.co.uk
James,Naylor,james.naylor@jobsin.digital
Dexter,Johns,ukclassifiedlistings@gmail.com
Lauren,Shufflebotham,laurenshuff123@gmail.com
Leanne,Berry,leanneberryjdb@gmail.com
SMAT,MEDIA,SMAT.MEDIA@yahoo.com
Ross,Hutchinson,rhutchinson@rhetoriksolutions.co.uk
Ashfaqul,Haque,ashfaqul@mountnow.com
Matthew,Kerr,mattjk3434@hotmail.co.uk
Keyur,Manani,keyur.485159@gmail.com
Paul,Hopley,ph@gemcabingroup.net
Nicole,Kent,nikkii.kent@outlook.com
Rowan,McKavney,missmagpieshoes@gmail.com
John,Jones,lasvegasstripdeals@gmail.com
Zalak,Patel,zalak.patel211@rediffmail.com
Mithun,debnath,mithundebice@gmail.com
SÑnia,Maia,sonia@hoodboyz.de
Araminta,Mennie,aramintamennie@gmail.com
Dhairyasheel,Dubal,ddhairyasheel@machbizz.com
Raoshi Restaurant,and Banqueting Suite,info@raoshi.co.uk
Shaun,Sweeney,shaun.sweeney1@yahoo.co.uk
Aqeel,Hussain,haqeel505@gmail.com
Lisa,Stonebridge,lisa.stonebridge1@outlook.com
Colette,Adams,lettie182000@yahoo.co.uk
carl,west,carlguitarutopia@gmail.com
Panayiotis,Pattichis,pan.pattichis@gmail.com
Georgina,Bright,Georgina.Bright@txmrecruit.co.uk
Deepti,Yogi,deepti.yogi22@rediffmail.com
Lila -,Class Point Technology,marketing@classpointtechnology.com
Anna R,Wilkinson,anna.r.wilkinson@gmail.com
Deepika,Banerjee(Roy Ganguly),deepbrg1815@gmail.com
Emily,Fortescue,fortescuee@leadforensics.co.uk
Zoe,Camfield,zoe.camfield@cloutcreative.co.uk
Dovi,Shmil,dovi@zoomanalytics.co
Alexander,Clark,seo.24x7freelancer@gmail.com
Matt,Smith,matt.aniquestudios@outlook.com
Dahlia,Morris Robinson,dahlia80.dm@googlemail.com
Stewart,Garry,garry.stewart@itseeze.co.uk
Cornel Sampson,Merchant Services,cornel.sampson@gmail.com
Stephanie,Stafford,stafford.steph@gmail.com
Jason,Cornwell,jason@lumiosolutions.com
Mike,Cowburn DipM MCIM,mike@communisage.com
Jonathan,Lee,jonathan@brightredmedia.com
Mandy,Cardwell,mandy@inthezoneltd.co.uk
Gareth,Phillips,gareth.jason.phillips@googlemail.com
Suzanne,Harulow,info@skybluesea.co.uk
Phil,Ashforth,info@marketing-consultant-uk.com
Vicki,Hughes,vicki@fugupr.com
Martin,Bell,martin.bell@skyron.co.uk
Adam,Warren,adam.warren@tandemsystems.co.uk
Damien,Laughton,dfplaughton@googlemail.com
Paul,Bryant,paul.k.bryant@gmail.com
Neil,Ellis,neil@cazcade.com
Sam,Duggan,Sam.Duggan@tungstennoble.com
Mel,Palmer,mpalmer@csc.com
Olaf,Heggli,olaf.heggli@gmail.com
Hamit Emre,SAKA,hamit_saka@hotmail.com
Richard,Singleton,richard@why-us.co.uk
John,Ellwood,john3e@aol.com
Greg,Roach,greg.roach@commercialchameleons.com
Dougie,Lawson,dl1ims@gmail.com
Anders,Thomsen,thomsenanders@hotmail.com
Carole,Houston,carolehouston@iib.ws
Ollie,Read,labs@ollieread.com
Gary,Aldred,garyaldred@icloud.com
Darren,Brant,darren@quailpublishing.co.uk
Mark,Chamberlain,mark.3.chamberlain@bt.com
Alan,Smith,alanwsmith@me.com
Kathleen,Carter,kathleen@wearefetch.com
Gareth,McDonald,gareth@zebracolour.co.uk
Ros,Nuttall,rosalind@chapelfieldpr.com
Dan,Butterworth,dan@novus-digital.co.uk
Andrew,Charlton,andrew@exposure-events.com
Mark,Alexander 07738 670 777,preston_lawyer@yahoo.co.uk
Chris,Payne,chris.payne@sandgate-search.com
Steve,Kuncewicz FRSA,steve.kuncewicz@bermans.co.uk
Alan J,Cutts,alan@alancutts.com
Rotem,Leshem,rotemleshem@gmail.com
Ian,Coupe,ian@shoutnetwork.co.uk
Ken,Jamieson,ken.jamieson@hotmail.co.uk
Ryan,Cool,ryan@light-source.eu
Lesley,Yates,lesley@canalboatcruises.co.uk
Darren Johnson,// iDJ Photography,info@idjphotography.com
Stewart,Roberts,stewart@tbos.co.uk
Mark,Wheeldin,mark@chestnutcove.com
Richard,Heyes,richard.heyes@tecmark.co.uk
Penny,Schr_der-Smith,pennyschrodersmith@gmail.com
Claire,Neil,cn@ibex-im.com
Joanna,Bottiglieri,jo@funkfit.co.uk
Saeed,Malik,saeed@sarcoservices.co.uk
Alice,Wilby,alicewilby@gmail.com
Tom,Fitton,tomfitton@gmail.com
carl,miles,cjm073@gmail.com
Andy,Skelding,andy@shoutnetwork.co.uk
John,Grindley,jgrindley@garrattsinsurance.co.uk
Lateef,Badat,lbadat1@uclan.ac.uk
Hiran,Panchal,hiran@freedomofcreation.co.uk
Michael,Wong,michael.wong@begbies-traynor.com
Helen,Sanderson Walker,helen@hswmedia.co.uk
Bill,Westhead,bill.westhead@gmail.com
Michael,Cropper,michael.cropper@contradodigital.com
Matthew,Austin,matthew@optimumsigns.co.uk
Leigh,Clayton,clayton.leigh@googlemail.com
Lisa,Haghir,lisahaghir@hotmail.com
Maria,Coupe,maria@shoutnetwork.co.uk
Nick,Langdale,nick.langdale@m2.uk.com
John,Winter,john.winter@edison.ltd.uk
Emma,Currie,emma.currie@hotmail.co.uk
Andrea,Mellon,andreamellon@me.com
David,Kevill,david@inspirebusinesstraining.co.uk
Nicky,Chenery,nchenery@adobe.com
Chris,Wilkes,christopher.a.wilkes@aexp.com
Sarah,McLaughlin,sarah@littleseeddesign.com
Mark,Drage,msdrage@googlemail.com
Lynne,Whittaker,lynne.whittaker@stcatherines.co.uk
Steven,Shepherd,steven.shepherd@chipandpinsolutions.com
Laura,Bolton,simpleaccounting1980@yahoo.co.uk
Diane,Slykerman,d_slykerman@hotmail.com
Ann,Ainsworth,ann.ainsworth13@gmail.com
Karen,Credie,Karen@kmchr.com
Steve,Allen,steve@123-drive.com
Hussain,Aiman (simon),bagalhey@gmail.com
David,Cutts,david.cutts@5ringsit.co.uk
Masato,Jones,studio@masato.co.uk
Sam,Pratt,sam@captivenorth.co.uk
John,Bridge,john.bridge@fwp.uk.com
Samantha,Moxham,sam@halohr.co.uk
Rachel,Gill,rachel@aspectmortgages.co.uk
Nita,Patel,Nita@petalinteriors.com
Diane,France,diane.france@googlemail.com
Jason,Vivian,jason.vivian@imagedata.co.uk
Christopher,Geary,chrisgeary92@sky.com
Martin,Harrington,martin@blueyonder.co.uk
Jon,Nutten,jon@cottoncourt.com
Carl,Sharpe,carl.sharpe@blueyonder.co.uk
Luke,Toms,luketoms1@gmail.com
Osbfm,LLC,OSBFM@YAHOO.COM
Chris,Richards,chrisrichardsadi@me.com
Laleh,Safa,lale_safa@hotmail.co.uk
Mark,Whittle,markw@lancschamber.co.uk
George,Baldwin,George@BaldwinF.com
Jonathan,Price,jdmprice@gmail.com
Amina,Ghaith,aminaghaith@hotmail.com
Stacey,Streets,s.streets@nortonsgroup.com
Garry,Poulton,gdpoulton@yahoo.co.uk
Sarah,Thornton,s.thornton427@gmail.com
Michael,Tucker,tucker.1989@yahoo.com
Andy,Bunday,abunday@hotmail.co.uk
Amanda,Morton,amanda.sever@cheethamjackson.com
Mike,Abbott,mike.abbott@ventusip.com
Scott,Broughton,scott@netsells.co.uk
Kate,Whiteman,kate@perchhere.co.uk
Anthony,"Smith BEng, MIET",anthony.smith@lantei.co.uk
Usman,Ghani,ughani111@yahoo.com
Xiayu,Zhang (Summer),szh799@live.com
Olusegun,Babatunde,segun@youmesign.co.uk
Christopher,Moss,christopherdmoss@googlemail.com
Andy,Dobson,andy@atlassailing.co.uk
Richard,Harrison,richard@inovaris.co.uk
Joanne,Fulthorpe,jo.hyndburnenterprisetrust@gmail.com
Richard,Lambert,richard@FitnessWarehouseUK.com
Gavin,Hayes,gavin@popdeem.com
Andrew,Stirrup,andrew@thefreshperspective.co.uk
Emily,Yates ACIM,Emilyy2011@live.co.uk
Amy,Blundell,amy@cottoncourt.com
Aqsa,Maikan,aqsa1990@hotmail.co.uk
Dave,Corben,david.corben@imagedata.co.uk
Neil,Butler,ntbutler81@gmail.com
Clive,Stephenson,clive@hotmail.co.uk
Ryan Owen,Gibson,ryanowengibson@me.com
Michael,Evans,carnmorprint@aol.com
Kevin,King,spawnstar@hotmail.co.uk
Alicia,Dearden,alicia.dearden@bevlan.com
Mohammed,Kazi,marcus-81@hotmail.co.uk
David,Monahan,dakota.me.uk@gmail.com
Victoria,Blackmore,victoria.blackmore@reedglobal.com
Kirsty,Scammell,kirstys@bpib.co.uk
Natasha,Susman,info@curiousersilverjewellery.co.uk
Elli,Blackwell,elli923.eb@gmail.com
Martti,Arminen,Martti.Arminen@Kone.com
Jessica,Boulton,jessica.boulton23@googlemail.com
Carley,Harrison,harrison.carley@santander.co.uk
Jonathan,Gledhill,jagledhill99@gmail.com
Ben,Govier,ben@1planrecruitment.uk
Matthew,Howlett,matt.howlett@imagedata.co.uk
Laura,Hargreaves,laura.hargreaves@t2000.co.uk
Tony,Smith,tony@eazi-apps.co.uk
Danielle,Carruthers,danielle@berry-insurance.co.uk
Joe,Corfield,csubtropic@googlemail.com
Mark James Hall |,MJH Accountants,mark@mjhaccountants.co.uk
C,T,c.isaacs@remedicare.co.uk
Kate,Madigan,kh.madigan@googlemail.com
Martin Aaron,Mulvey,mamulvey88@gmail.com
Daniel,Hill,daniel.e.hill91@gmail.com
Matthew,Lincoln,matt@nmcreative.co.uk
Daniella,Gallagher,daniella_gallagher@hotmail.com
Liam Anthony,Shore,liamshore@worpcloud.com
James,Haffner,jamesh@alexjamesresourcing.co.uk
Barry,Stephens,barry-stephens@real-digital.co.uk
Dominic,Haley,dh@blackhurstbudd.co.uk
Gemma,Taylor,gemmataylor123@outlook.com
Louise,Powell,louise.a.powell@parcelforce.co.uk
Jay,McCormack,jaymccormack84@outlook.com
Graham,Kirk,gray.kirk@hotmail.co.uk
Alexandra,Herbertson,alexandra@shapeitrecruitment.co.uk
Gurdit,Singh DipPFS,gurdit.singh@cheethamjackson.com
Sarah,Hanson,sarah@northofenglandtraining.co.uk
geoff,molyneux,geoff@mymagicspongeman.com
Luke,Massie,luke@studenthood.co.uk
Beckie,Livesey,RJlivesey@outlook.com
David,Bulcock,david@fitnesswarehouseuk.com
Danny,Davis,Danny1blue@hotmail.co.uk
Craig,Townley,craig.t@netdec.com
Christina,Reed,c1preed@hotmail.co.uk
Steven,Woods,stevenw@rws1993.co.uk
Holly,Wignall,wignallholly@yahoo.co.uk
Nicola,Murray,nicola-jane.murray@sky.com
Gavin,Manners,g.manners@hotmail.com
Mari,Davies,marihdavies@hotmail.com
Joanne,Davey,Joanne.davey@wmg.uk.com
Penny,Howard,info@cottoncourt.co.uk
Hannah,Sapsford,h.manners@hotmail.co.uk
Absolute Recruitment,Solutions,enquiries@absoluterecruitmentsolutions.co.uk
Lewis,Little,lewi_little@hotmail.co.uk
Jaime,Richardson,jaime.richardson@porridgetelecom.co.uk
Aaron,Fielding,aaron.fielding@denwa.co.uk
Peter,Hayhurst,peterhayhurst@minutemanpress.com
Paul,Doy,paul.doy74@yahoo.co.uk
Omonigho Theresa,Emojevbe,emojevbe.omonigho@googlemail.com
Steve,Hughes,hughsey1@googlemail.com
christopher,allen,c.wl.allen@gmail.com
Richard,Harkness,richard.harkness76@gmail.com
Dave,Woodburn,davidwoodburn33@gmail.com
Aaron,Jones,aaronjuliejones@hotmail.com
Sam,Fish,samuelfish@live.co.uk
Tony,Kennedy,tonyk140669@icloud.com
Sue,Blackhurst,sue@susieqphotography.co.uk
Lucy,Boulton,lucyboulton87@gmail.com
Danny,Cross,D.cross1990@hotmail.com
Gemma,Taylor,gemma@morganturner.co.uk
Andy,Holly,andy@hollydental.co.uk
Robin,Cornwell,lepton01@hotmail.co.uk
Eleisha,Cartlidge,eleisha.cartlidge@gmail.com
Ikram,Bapu,ikrambapu@msn.com
Andrew,Hargan,andrew.hargan@yahoo.co.uk
Mark A,Wright,Wrightma@live.com
Rebecca,Park,bekkiipark@hotmail.co.uk
Jumping,Jacks,jumpingjacksliverpool@gmail.com
Elena,P. Roy,eluminous_bde4@eluminoustechnologies.com
Gareth,Duke,gareth.duke@edfenergy.com
Stephanie Katie,Hardman,stephnulstaffs@gmail.com
Jay,Allen,Jay@JayAllen.uk
Mike,Gaywood,mike.gaywood@imagedata.co.uk
Fylde,Bathroom Company,thefyldebathroomco@outlook.com
Antony R,Cawkwell,antonycawkwell@yahoo.com
Stacey,Patten,stacey.pattern@ao.com
Louise,louisegroves_pca,louisegroves_pca@hotmail.co.uk
Judith,Ibbotson,judith@digital-dog.co.uk
Samantha,Mitchell,samanthamitchell@michaelpage.com
Adam,Ward,adamward178@gmail.com
Yusuf,Kalang,Yusuf.kalang@weareblush.co.uk
Stuart McDonald,JSM Vehicle Solutions Ltd,info@carbodyrepairspreston.com
Animesh,Sharma,as@synapseindia.guru
Isabelle,Larsson,Isabelle@advertise-a-job.com
Kayleigh,Cardwell,kayleigh.cardwell@weareblush.co.uk
Oliver,Brown,ollie@wodco.com
Chris Naylor,Marketing-Incentives,chris@marketing-incentives.co.uk
Darren,Stoker,darren.stoker@sjp.co.uk
Admin,Stone,suzie@stonecreate.com
Kim,Rolls,kim@jftl.co.uk
Afsana,Makkan,afsmakkan@gmail.com
Ged,Ward,ged.ward@knowledge-web.co.uk
Michael,J Tucker,mjtblackpool@yahoo.co.uk
Mike,Tucker,mjtliverpool@yahoo.co.uk
Natalie,Duke,natalie.duke@ymail.com
Allen,Steve,steve@123-drive.com
Richards,Chris ,chris@123-drive.com
Stubbs,Pete,pete.stubbs@2amdesign.co.uk
Carter,Nikki,nikki@2amdesign.co.uk
Brunsden,Daryl,daryl@2ammedia.co.uk
Conway,Mark ,markconway@21stcenturymotors.co.uk
Ellwood,John,john3e@aol.com
Massey,David ,dave@ads-global.co.uk
Schroder,Colin,colin.schroder@allspeeds.co.uk
Elliot,Keith,keith.elliot@allspeeds.co.uk
Javed,Mohammed,amberclothinguk@hotmail.com
Drage ,Mark ,mark@ambledene.com
Siddique,Ashfaq,ash@ashfaqknitwear.com
McIntyre,Andrew ,andrew.mcintyre@bdigi.co.uk
Seddon,Brandon,brandon.seddon@hotmail.co.uk
Pejcinovic,Dina,dina@banksand.co.uk
Miles,Greg,ukbeesocial@hotmail.com
F,Olivier,olivier@crowwood.com
Davis,Chris,chris@bigchristv.com
Sharples,Sammy ,sammy@fastworld.co.uk
Holman,Mike,mike@bnionline.co.uk
Bleakley,Jamie,jamie@broadoakprivatefinance.com
Sheikh,Hamza,sheikhhamza@hotmail.com
Gornall,Richard,rickycueball16sales@hotmail.co.uk
Thomsen,Anders,anders@dacotechnology.co.uk
Dee,Simon,deesignspreston@gmail.com
Davis,Daniel,daniel.davis@downtowninbusiness.com
Grigg,Durham,durham@durhamgrigg.co.uk
Lambert,Richard,richard@fitnesswarehouseuk.com
Marino,Toni,toni@fitnesswarehouseuk.com
Wilby,Alice,alicewilby@gmail.com
Grindley,John,jgrindley@garrattsinsurance.co.uk
Garratt,Richard,rgarratt@garrattsinsurance.co.uk
Wilkinson,Lisa,lisa@geminusdesignlimited.co.uk
Anderson,Antony ,Antony@hippomotorgroup.co.uk
Thompson,Neil,neil@jftl.co.uk
Safaaoglu,Mentes,mentes@knowledgemasteruk.com
Fanton,Marco ,info@marcofantonmp.com
Taylor,Gemma ,gemma@morganturner.co.uk
Palmer,Mel ,admin@mygolfplanner.com
Rigby,Dave ,david@mypeoplepeople.com
Townley,Craig,craig.t@netdec.com
Shipp,Paul,info@oceanbluegfx.co.uk
Raza,Shoaib,Morningstar.19@hotmail.co.uk
Blackburn,Mark ,info@pinnacleplumbingservices.co.uk
Hill,Daniel,daniel.hill@pmm.co.uk
Smith,Alan,alan@printxchange.co.uk
Normie,Jarrod,jarrodnormie@regencycoffee.co.uk
Derbyshire,Ric,ric@sanitas.co.uk
McKenna,Tracey,Tracy@scancapture.co.uk
Holland,Clive,clive@sugarvine.com
Tkatchev,Aleks,aleks.tkatchev@gmail.com
Robbins,Sam,sussexzest@gmail.com
Heyes,Richard ,Richard.heyes@tecmark.co.uk
Jones,Kevin,kevin.jones@tecmark.co.uk
Madigan,Kate,kate.madigan@tecmark.co.uk
George,Barry,barry@barryfgeorge.com
Duggan,Sam,sam.duggan@tungstennoble.com
Stokes,Tracy,tracy@uberintelligencegroup.com
Gutteridge,David,david@visualmediapartnership.com
Barnfield,Margarita,margarita.barnfield@voiteq.com
Claydon,Dean ,dean@wecreatedigital.co.uk
Parker,Ricky ,ricky.parker@gmail.com
Wilson,Adam,adamwil05@hotmail.com